"Espacenet";"";"";"";"";"";"";"";"";
"Patentsuche";"";"";"";"";"";"";"";"";
"277 Treffer gefunden für nftxt = ""maschinenschraubstock"" AND pd <= ""2005-01-01""";"";"";"";"";"";"";"";"";
"Treffer 1 bis 277 angezeigt";"";"";"";"";"";"";"";"";
"Abfragesprache: en / de / fr";"";"";"";"";"";"";"";"";
"Sortierkriterien: Relevanz";"";"";"";"";"";"";"";"";
"";"";"";"";"";"";"";"";"";
"No";"Titel";"Erfinder";"Anmelder";"Veröffentlichungsnummer";"Früheste Priorität";"IPC";"CPC";"Veröffentlichungsdatum";"Früheste Veröffentlichung";"Familiennummer";
"1";"Maschinenschraubstock.";"SCHULE PETER";"SCHULE PETER";"EP0372563A2 
EP0372563A3";"1988-12-09";"B23Q3/06 
B25B1/10 
B25B1/24 
B25B1/10 
B25B1/24";"B25B1/103 (EP) 
B25B1/2473 (EP)";"1990-06-13 
1991-07-10";"1990-06-13";"006368812";
"2";"Maschinenschraubstock";"ROEHM GUENTER HORST [DE]";"ROEHM GMBH [DE]";"DE10144192A1";"2000-11-16";"B23Q3/06 
B25B1/10 
B25B1/10 
B25B1/12";"B25B1/103 (EP) 
B25B1/125 (EP)";"2002-05-23";"2001-02-01";"007948891";
"3";"Maschinenschraubstock";"ALBRECHT LUDWIG [DE]";"SAURER ALLMA GMBH [DE] 
ALLMATIC JAKOB GMBH & CO SPANN [DE]";"EP0903201A2 
EP0903201A3 
EP0903201B1";"1997-09-20";"B23Q11/00 
B25B1/10 
B25B1/24 
B23Q11/00 
B25B1/10 
B25B1/24";"B25B1/103 (EP,US) 
B25B1/24 (EP,US) 
B25B1/2489 (EP,US)";"1999-03-24 
2001-11-07 
2004-03-17";"1999-03-18";"007843092";
"4";"Maschinenschraubstock.";"ARNOLD FRANZ [DE] 
KREUZER KONRAD [DE]";"ARNOLD FRANZ [DE]";"EP0460457A2 
EP0460457A3 
EP0460457B1 
EP0460457B2";"1990-06-07";"B23Q3/02 
B25B1/10 
B25B1/24 
B23Q3/02 
B25B1/06 
B25B1/10 
B25B1/14 
B25B1/18 
B25B1/24";"B25B1/106 (EP,US) 
B25B1/18 (EP,US) 
B25B1/2473 (EP,US)";"1991-12-11 
1992-04-01 
1995-03-15 
2000-03-01";"1991-12-11";"025893917";
"5";"Maschinenschraubstock.";"ROHM GUNTER HORST 
PESCH KARL";"ROEHM GUENTER H [DE]";"EP0324057A2 
EP0324057A3";"1987-12-29";"B23Q3/02 
B25B1/10 
B25B1/02 
B25B1/10 
B25B1/24";"B25B1/103 (EP,US) 
B25B1/24 (EP,US) 
B25B1/2436 (EP,US) 
B25B1/2489 (EP,US)";"1989-07-19 
1990-01-31";"1988-02-11";"006815546";
"6";"Maschinenschraubstock";"WEBER ALBRECHT [DE]";"HILMA ROEMHELD GMBH [DE]";"DE4313900C1";"1993-04-28";"B23Q3/02 
B25B1/00 
B23Q1/26 
B25B1/24";"B23Q1/262 (EP) 
B25B1/24 (EP) 
B25B1/2489 (EP)";"1994-03-17";"1994-03-17";"006486588";
"7";"Maschinenschraubstock.";"KARL BECKERT [CH]";"BECKERT KARL [CH]";"CH249197A";"1945-05-30";"B25B1/24";"B25B1/24 (EP)";"1947-06-15";"1947-06-15";"004467383";
"8";"Maschinenschraubstock.";"MUELLER-ZOLLINGER CIE R [CH] 
MAX GUGGISBERG [CH]";"MUELLER ZOLLINGER & CIE R [CH] 
GUGGISBERG MAX [CH]";"CH252846A";"1946-04-24";"B23Q1/50";"B23Q1/50 (EP)";"1948-01-31";"1948-01-31";"004469659";
"9";"Maschinenschraubstock.";"PAUL PETZOLD [DE]";"PETZOLD PAUL [DE]";"CH108127A";"1923-03-29";"B25B1/22 
F16C11/10";"B25B1/22 (EP) 
F16C11/10 (EP)";"1924-12-16";"1924-12-16";"004367116";
"10";"Maschinenschraubstock.";"FRANZ FUCHS MASCHINENFABRIK [DE]";"FRANZ FUCHS MASCHF [DE]";"CH131156A";"1928-02-02";"B25B1/24";"B25B1/24 (EP)";"1929-01-31";"1929-01-31";"004389459";
"11";"AUFSPANNWINKEL FUER MASCHINENSCHRAUBSTOCK.";"SCHWANZ EUGEN [DE]";"SCHWANZ EUGEN [DE]";"DE1748031U";"1957-03-01";"";"";"1957-07-04";"1957-07-04";"032745368";
"12";"MASCHINENSCHRAUBSTOCK";"SCHWEIDLER ERICH";"SAURER ALLMA GMBH";"DE2252269A1 
DE2252269B2 
DE2252269C3";"1972-10-25";"B23Q3/04 
B23Q3/06 
B25B1/22";"B23Q3/066 (EP,US)";"1974-05-02 
1974-08-08 
1975-03-20";"1974-05-02";"005860005";
"13";"MASCHINENSCHRAUBSTOCK";"KRAUSE LUDWIG DIPL ING [DE]";"SAURER ALLMA GMBH [DE]";"DE3438900A1 
DE3438900C2";"1984-10-24";"B23Q3/02 
B25B1/10 
B25B1/12 
B25B1/24";"B25B1/125 (EP,US) 
B25B1/2405 (EP,US) 
B25B1/2452 (EP,US)";"1986-04-24 
1986-08-21";"1986-04-24";"006248635";
"14";"Universal-Maschinenschraubstock.";"ROBERT MUSZYNSKI [CH]";"MUSZYNSKI ROBERT [CH]";"CH242397A";"1946-01-07";"B25B1/22";"B25B1/22 (EP)";"1946-05-15";"1946-05-15";"004462939";
"15";"Maschinenschraubstock";"";"KOTTHAUS & BUSCH 
PAUL C KOTTECK";"DE712241C";"1940-01-28";"B25B1/24";"B25B1/2473 (EP)";"1941-10-15";"1941-10-15";"007253518";
"16";"Maschinenschraubstock";"WITKOWSKI HANS";"HANS WITKOWSKI";"DE1089339B";"1956-05-26";"B25B1/24";"B25B1/241 (EP) 
B25B1/2452 (EP) 
B25B1/2494 (EP)";"1960-09-15";"1960-09-15";"007596402";
"17";"VERSTELLBARER MASCHINENSCHRAUBSTOCK.";"ESSER HERBERT [DE]";"ESSER HERBERT [DE]";"DE1731488U";"1956-05-04";"";"";"1956-10-04";"1956-10-04";"032688447";
"18";"Maschinenschraubstock";"";"PAUL PETZOLD";"DE398090C";"1921-07-21";"B25B1/22";"B25B1/22 (EP)";"1924-09-27";"1924-09-27";"007378685";
"19";"MASCHINENSCHRAUBSTOCK";"";"";"DE7239172U";"1972-10-25";"B23Q3/04 
B23Q3/04";"";"1975-04-24";"1975-04-24";"006633505";
"20";"Maschinenschraubstock zum Bohren zylindrischer Werkstücke";"";"MAXION WERKZEUGE MASCHINEN [DE]";"DE20211747U1";"2002-07-30";"B23Q3/02 
B25B1/24 
B23B47/28 
B23Q16/02 
B25B1/24";"B23B47/28 (EP) 
B23Q16/028 (EP) 
B25B1/2457 (EP) 
B25B1/2468 (EP) 
B23B2260/088 (EP)";"2002-12-05";"2002-12-05";"007973663";
"21";"MASCHINENSCHRAUBSTOCK";"TAKASUGI TAMOTSU [JP]";"TAKASUGI TAMOTSU [JP]";"DE3644336A1 
DE3644336C2";"1986-05-31";"B23Q3/02 
B25B1/10 
B25B1/24";"B25B1/103 (EP,US) 
B25B1/24 (EP,US)";"1987-12-03 
1988-10-27";"1987-12-03";"026463127";
"22";"Spanneinrichtung, insbesondere Maschinenschraubstock";"";"ARNOLD FRANZ";"DE1289799B";"1967-02-09";"B25B1/10";"B25B1/106 (EP,US)";"1969-02-20";"1969-01-03";"006939702";
"23";"Maschinenschraubstock";"";"ERNST SCHMID";"DE599021C";"";"B25B1/22";"B25B1/22 (EP)";"1934-06-23";"1934-06-23";"007445361";
"24";"Maschinenschraubstock.";"OTTO LANZ [CH]";"LANZ OTTO [CH]";"CH238553A";"1944-03-08";"B25B1/22 
B25B1/24";"B25B1/22 (EP) 
B25B1/2484 (EP)";"1945-07-31";"1945-07-31";"004460684";
"25";"MASCHINENSCHRAUBSTOCK FUER WERKZEUGMASCHINEN.";"";"SIEMENS AG [DE]";"DE7028338U";"1970-07-23";"B25B1/24";"B25B1/24 (EP)";"1971-04-08";"1971-04-08";"006613354";
"26";"Drehbarer Maschinenschraubstock";"";"MAURICE CUENDET";"DE322412C";"1917-08-16";"B23Q1/28";"B23Q1/28 (EP)";"1920-06-29";"1920-06-29";"004498767";
"27";"Schnellspann-Maschinenschraubstock";"BROCKHAUS RICHARD";"BROCKHAUS SOEHNE";"DE687784C";"1936-01-03";"B25B1/12";"B25B1/125 (EP)";"1940-02-06";"1940-02-06";"007007013";
"28";"Maschinenschraubstock.";"OTTO LANZ [CH]";"LANZ OTTO [CH]";"CH242899A";"1944-07-29";"B25B1/22";"B25B1/22 (EP)";"1946-06-15";"1946-06-15";"004463243";
"29";"Praezisions-Maschinenschraubstock";"GEORG SEITZ";"SEITZ GEORG 
FIEGE HEINZ";"DE1297058B";"1962-08-23";"B25B1/06 
B25B1/08 
B25B1/24";"B25B1/06 (EP) 
B25B1/08 (EP) 
B25B1/24 (EP)";"1969-06-04";"1969-06-04";"032471323";
"30";"Spannvorrichtung";"HENKEL RUDOLF [DE] 
MATTOX JAMES R [US]";"KESEL GEORG GMBH & CO KG [DE]";"DE10025402A1 
DE10025402B4";"2000-05-23";"B23Q3/02 
B25B1/10 
B25B1/12 
B25B1/18 
B25B1/12 
B23Q3/02 
B25B1/10 
B25B1/18";"B25B1/125 (EP,US)";"2001-11-29 
2010-03-25";"2001-11-29";"007643178";
"31";"MASCHINENSCHRAUBSTOCK";"BEZUBIK SLAWOMIR JAN DIPL ING [PL] 
LASZCZ STANISLAW DIPL ING [PL]";"PRZYRZADOW UCHWYTOW PONAR";"DE2924205A1";"1978-06-17";"B23Q3/02 
B25B1/24";"B25B1/2405 (EP,US)";"1979-12-20";"1979-12-18";"019990015";
"32";"Maschinenschraubstock mit Tiefspannbacken";"CHARLES WERMUTH [CH] 
HEINZ WAGNER [CH] 
FRANZ ARNOLD [DE]";"EDMUND GRESSEL AG [CH] 
ARNOLD FRANZ [DE]";"CH460668A";"1964-09-25";"B23Q3/06 
B25B1/02 
B25B1/24";"B25B1/24 (EP,US) 
B25B1/2405 (EP,US) 
B25B1/2473 (EP,US)";"1968-07-31";"1968-07-31";"007126720";
"33";"Maschinenschraubstock mit Kraftverstaerker";"ARNOLD FRANZ";"ARNOLD FRANZ";"DE3733849C1";"1987-10-07";"B25B1/02 
B25B1/02 
B25B1/06 
B25B1/10 
B25B1/24 
F16H25/18";"B25B1/106 (EP,US) 
F16H25/183 (EP,US)";"1989-05-11";"1989-04-08";"006337778";
"34";"Um drei Achsen schwenkbarer Maschinenschraubstock";"BUCHNER ANTON 
KLUG KARL";"ANTON BUCHNER 
KARL KLUG";"DE716367C";"1940-06-02";"B23Q1/54 
B25B1/22";"B23Q1/5456 (EP) 
B25B1/22 (EP)";"1942-01-20";"1942-01-20";"007011198";
"35";"Einspannvorrichtung, insbesondere Maschinenschraubstock";"GANAHL ALFRED";"ERNEST H FISCHER S SOEHNE AG 
ALFRED GANAHL";"DE1121559B";"1957-01-29";"B23Q3/02 
B25B1/24";"B23Q3/02 (EP) 
B25B1/24 (EP)";"1962-01-04";"1962-01-04";"004558679";
"36";"Schraubstock, insbesondere Maschinenschraubstock zum zentrischen Spannen.";"FUCHS FRANZ DIPL-ING FH [DE]";"SAURER ALLMA GMBH [DE]";"EP0499808A2 
EP0499808A3 
EP0499808B1";"1991-02-21";"B25B1/10 
B25B1/10 
B25B1/18";"B25B1/103 (EP) 
B25B1/106 (EP)";"1992-08-26 
1992-11-25 
1994-06-22";"1992-08-26";"006425568";
"37";"Maschinenschraubstock";"ROLF HANS";"RHEINMETALL BORSIG AG";"DE688365C";"1938-11-15";"B25B1/10 
B25B1/24";"B25B1/103 (EP) 
B25B1/2489 (EP)";"1940-02-19";"1940-02-19";"007420928";
"38";"Maschinenschraubstock";"PREISENHAMMER PETER";"SAURER ALLMA GMBH";"DE2848229B1 
DE2848229C2";"1978-11-07";"B23Q3/02 
B25B1/10 
B25B1/24";"B25B1/103 (EP) 
B25B1/24 (EP)";"1979-12-20 
1980-08-28";"1979-12-20";"006054057";
"39";"Spannvorrichtung mit Kraftverstärker, insbesondere Maschinenschraubstock.";"BERCHTHOLD HEINRICH DIPL-ING [CH]";"GRESSEL AG [CH]";"EP0463344A2 
EP0463344A3 
EP0463344B1";"1990-06-07";"B23Q3/02 
B25B1/10 
B25B1/06 
B25B1/10 
B25B1/24";"B25B1/103 (EP,US) 
B25B1/106 (EP,US) 
B25B1/24 (EP,US)";"1992-01-02 
1992-03-18 
1994-07-27";"1991-04-18";"006407982";
"40";"Maschinenschraubstock";"";"FRANZ FUCHS MASCHF";"DE461399C";"1925-08-09";"B25B1/22";"B25B1/22 (EP)";"1928-06-19";"1928-06-19";"007321689";
"41";"Schraubstock, insbesondere Maschinenschraubstock";"FREUDENBERG HANS-DIETER";"HILMA G M B H MASCHF";"DE1220800B";"1960-09-10";"B25B1/10";"B25B1/106 (EP)";"1966-07-07";"1966-07-07";"007305623";
"42";"Maschinenschraubstock mit durch eine Spindel gegeneinander bewegten Spannbacken";"KLEIDORFER WILHELM";"KLEIDORFER WILHELM";"AT163246B";"1947-01-18";"";"";"1949-06-10";"1949-06-10";"003652200";
"43";"Maschinenschraubstock, insbesondere Unterzugschraubstock";"";"SCHOEN & CIE G M B H";"DE1028050B";"1952-05-15";"B25B1/08";"B25B1/08 (EP)";"1958-04-10";"1958-04-10";"007426069";
"44";"Winkelanschlag für Maschinenschraubstock";"";"SCHWEIZER JUN HANS [DE]";"DE9313489U1";"1993-09-07";"B23Q3/10 
B25B1/00 
B25B1/24 
B25B1/24";"B25B1/2457 (EP) 
B25B1/2468 (EP)";"1993-12-16";"1993-12-16";"006897788";
"45";"Werkstück-Spannsystem, insbesondere Maschinenschraubstock, sowie Spannantrieb hierfür";"SCHILLING ERIK [DE]";"SCHILLING ERIK [DE]";"DE10022228A1";"2000-05-08";"B23Q3/02 
B25B1/18 
B25B1/24 
B25B11/00 
B25B1/12 
B25B1/18 
B25B1/24";"B25B1/12 (EP) 
B25B1/18 (EP) 
B25B1/24 (EP)";"2001-11-22";"2001-11-22";"007641094";
"46";"Maschinenschraubstock, bei dem die bewegliche Backe auf Holmen gleitet";"";"ROBERT GLUTH";"DE656672C";"1934-12-01";"B25B1/10 
B25B1/24";"B25B1/103 (EP) 
B25B1/2489 (EP)";"1938-02-10";"1938-02-10";"007138999";
"47";"Maschinenschraubstock";"SINNIGER ALPHONS [CH]";"SINNIGER ALPHONS [CH]";"CH79993A";"1918-04-25";"";"";"1919-06-02";"1919-06-02";"004333593";
"48";"MECHANISCHES SPANNGERAET, INSBESONDERE MASCHINENSCHRAUBSTOCK";"WERMUTH CHARLES [CH] 
WAGNER HEINZ [CH]";"GRESSEL AG";"DE2146971A1 
DE2146971B2 
DE2146971C3";"1971-09-20";"B25B1/00 
B25B1/12 
B23Q3/06 
B25B1/10 
F02B3/06";"B23Q3/066 (EP) 
F02B3/06 (EP)";"1973-03-22 
1980-12-18 
1981-10-22";"1973-03-22";"005820098";
"49";"Spannvorrichtung mit Kraftverstärker, insbesondere Maschinenschraubstock";"WUERTHELE ADOLF [CH]";"GRESSEL AG AADORF [CH]";"DE4209699A1";"1992-03-25";"B23Q3/02 
B25B1/18 
B25B1/10";"B25B1/106 (EP)";"1993-09-30";"1993-09-30";"006454992";
"50";"MASCHINENSCHRAUBSTOCK MIT SCHNELLVERSTELLUNG";"LIEBLING WERNER [DD]";"ZEULENRODA MASCHBA VEB [DD]";"DE3327063A1";"1982-12-16";"B23Q3/02 
B25B1/12";"B25B1/125 (EP)";"1984-06-20";"1984-06-20";"005543379";
"51";"MASCHINENSCHRAUBSTOCK";"TAKASUGI TAMOTSU";"TAKASUGI TAMOTSU";"DE3000162A1 
DE3000162C2";"1979-06-28";"B23Q3/02 
B23Q3/06 
B25B1/02 
B25B1/10 
B25B1/24";"B23Q3/066 (EP,US) 
B25B1/2473 (EP,US)";"1981-01-08 
1982-07-15";"1980-09-09";"013773732";
"52";"SCHRAUBSTOCK, INSBESONDERE MASCHINENSCHRAUBSTOCK";"ARNOLD FRANZ";"ARNOLD FRANZ";"DE2225474A1 
DE2225474B2";"1972-05-25";"B25B1/10 
B23Q3/06 
B25B1/10 
B25B1/12";"B25B1/10 (EP,US) 
B25B1/125 (EP,US)";"1973-12-06 
1975-12-04";"1973-12-06";"005845863";
"53";"Maschinenschraubstock fuer Gewindeschneidmaschinen";"";"WAGNER GUSTAV";"DE335734C";"1919-02-27";"B23G7/00";"B23G7/00 (EP)";"1921-04-09";"1921-04-09";"006219613";
"54";"Mechanisch-hydraulisches Spanngeraet, insbesondere Maschinenschraubstock";"FRANZ ARNOLD 
HUSS 
GOTTFRIED DIPL-ING";"ARNOLD FRANZ";"DE1300876B 
DE1300876C2";"1962-09-19";"B25B1/10";"B25B1/106 (EP)";"1969-08-07 
1973-01-25";"1969-08-07";"006932379";
"55";"Maschinenschraubstock mit einer geradlinig verschiebbaren und einer umsetzbaren Spannbacke";"HOELLER ALFRED";"GEORG OTT FA";"DE819677C";"1950-03-18";"B25B1/22";"B25B1/22 (EP)";"1951-11-05";"1951-11-05";"007349144";
"56";"Bearbeitungsverfahren für eine Fräsmaschine";"SCHUM MATTHIAS [DE]";"SCHUM MATTHIAS [DE]";"DE10225997A1";"2002-06-12";"B23B1/00 
B23C3/00";"B23C3/00 (EP)";"2003-12-24";"2003-12-24";"029594403";
"57";"Maschinenschraubstock mit einer verschiebbaren Backe";"MILZ PANKRAZ [DE]";"SAURER ALLMA GMBH [DE]";"DE19962380A1";"1999-12-23";"B23Q3/02 
B25B1/02 
B25B1/12";"B25B1/12 (EP) 
B25B1/125 (EP)";"2001-06-28";"2001-06-28";"007934072";
"58";"SPANNGERAET, INSBESONDERE MASCHINENSCHRAUBSTOCK";"DEGLE KARL 
HARTMANN DIETER 
FISCHER ADOLF";"GEORG KESEL KG WERKZEUGMASCHIN";"DE2340750A1";"1973-08-11";"B23Q3/06 
B25B1/10 
B25B1/10 
B25B1/12";"B25B1/10 (EP) 
B25B1/125 (EP)";"1975-02-13";"1975-02-13";"005889519";
"59";"Mechanisch-hydraulisches Spanngeraet, insbesondere Maschinenschraubstock";"ARNOLD FRANZ";"ARNOLD FRANZ";"DE1281369B";"1960-11-23";"B25B1/10";"B25B1/106 (EP)";"1968-10-24";"1968-10-24";"032471022";
"60";"Mechanische Spanneinrichtung,insbesondere Maschinenschraubstock";"ARNOLD FRANZ";"ARNOLD FRANZ";"DE2060881A1 
DE2060881B2 
DE2060881C3";"1970-12-10";"B23Q3/00 
B25B1/14 
B25B1/10 
F16H25/18";"B25B1/106 (EP,US) 
F16H25/183 (EP,US)";"1972-06-29 
1974-05-30 
1975-02-06";"1972-06-29";"005790625";
"61";"SPANNEINRICHTUNG, INSBESONDERE MASCHINENSCHRAUBSTOCK";"PFLUEGER LUDWIG [DE]";"PEDDINGHAUS CARL ULLRICH DR [DE]";"DE3732900A1 
DE3732900C2";"1987-09-30";"B25B1/18 
B25B1/10 
B25B1/24";"B25B1/103 (EP,US) 
B25B1/106 (EP,US) 
B25B1/24 (EP,US)";"1989-04-20 
1989-09-07";"1989-04-20";"006337188";
"62";"Schleifmaschine für Rohre";"CAPORUSSO ALESSANDRO [IT]";"NEW TECH SRL [IT]";"DE10253364A1 
DE10253364B4";"2001-11-15";"B24B19/00 
B24B21/00 
B24B21/00 
B24B21/18 
B24B41/00 
B24B9/00 
B24B19/00";"B24B21/00 (KR) 
B24B21/002 (EP,ES,US) 
B24B21/18 (EP,ES,US) 
B24B41/005 (EP,ES,US) 
B24B9/007 (EP,ES,US)";"2003-06-05 
2006-03-23";"2003-05-15";"011455879";
"63";"Spannvorrichtung, insbesondere Maschinenschraubstock";"WUERTHELE ADOLF [CH]";"GRESSEL AG [CH]";"DE19739270C1";"1997-09-08";"B23Q3/06 
B25B1/00 
B25B1/10 
B25B1/24 
B25B1/24";"B25B1/24 (EP) 
B25B1/2405 (EP) 
B25B1/2478 (EP) 
B25B1/2489 (EP)";"1998-10-29";"1998-10-29";"007841575";
"64";"Spannantrieb zum Antreiben eines Werkstück-Spannsystems sowie Werkstück-Spannsystem, insbesondere Maschinenschraubstock hierfür";"SCHILLING ERIK [DE]";"SCHILLING ERIK [DE]";"DE10022227A1";"2000-05-08";"B23B31/30 
B25B1/00 
B25B1/10 
B25B1/18 
B25B1/24 
B25B11/00 
B25B1/12 
B25B1/18 
B25B1/24";"B25B1/12 (EP) 
B25B1/18 (EP) 
B25B1/24 (EP)";"2001-11-22";"2001-11-22";"007641093";
"65";"Spanneinrichtung, insbesondere Maschinenschraubstock";"";"";"DE2051119A1 
DE2051119B2 
DE2051119C3";"1970-10-17";"B23Q3/00 
B25B1/18 
B23Q3/00 
B25B1/18";"B25B1/106 (EP) 
B25B1/125 (EP)";"1972-04-20 
1979-01-18 
1979-09-20";"1972-04-20";"005785462";
"66";"Spannvorrichtung, insbesondere Maschinenschraubstock";"PREWO ADOLF";"ROLF PALFNER";"DE1198299B";"1956-07-03";"B25B1/14 
B25B1/24";"B25B1/14 (EP) 
B25B1/24 (EP)";"1965-08-05";"1965-08-05";"007366105";
"67";"Schraubstock, insbesondere Maschinenschraubstock";"SPATZEK PAUL";"SPATZEK PAUL";"AT177385B";"1952-05-23";"";"";"1954-01-25";"1953-05-11";"029425069";
"68";"Spannvorrichtung, insbesondere Maschinenschraubstock";"WUERTHELE ADOLF [CH]";"GRESSEL AG [CH]";"EP0901883A1 
EP0901883B1";"1997-09-08";"B25B1/24 
B25B1/02 
B25B1/10 
B25B1/24 
F16B2/12";"B23Q3/00 (KR) 
B23Q3/06 (KR) 
B25B1/103 (EP,US) 
B25B1/24 (EP,US) 
B25B1/2484 (EP,US)";"1999-03-17 
2001-10-24";"1999-01-21";"008045693";
"69";"Mechanisches Spanngerät, insbesondere Maschinenschraubstock";"FRANZ ARNOLD [DE] 
CHARLES WERMUTH [CH] 
HEINZ WAGNER [CH]";"ARNOLD FRANZ [DE]";"CH434147A";"1963-09-24";"B23Q 
B25B 
B25B1/02 
B25B1/10 
B25B1/12 
B25B1/24";"B25B1/02 (EP,US) 
B25B1/10 (EP,US) 
B25B1/12 (EP,US) 
B25B1/125 (EP,US) 
B25B1/24 (EP,US) 
B25B1/2473 (EP,US) 
B25B1/2478 (EP,US)";"1967-04-15";"1965-03-25";"004376697";
"70";"Spannvorrichtung, insbesondere Maschinenschraubstock";"BERCHTOLD HEINRICH [CH]";"GRESSEL AG [CH]";"DE19739269C1";"1997-09-08";"B23Q3/06 
B25B1/10 
B25B1/12 
B25B1/24 
B25B1/10 
B25B1/24";"B25B1/103 (EP) 
B25B1/2478 (EP) 
B25B1/2484 (EP)";"1999-01-14";"1999-01-14";"007841574";
"71";"Spannvorrichtung,insbesondere Maschinenschraubstock";"PREISENHAMMER PETER 
ARNOLD FRANZ";"SAURER ALLMA GMBH";"DE2346771B1 
DE2346771C2";"1973-09-17";"B25B1/18 
B25B1/18";"B25B1/18 (EP)";"1974-11-14 
1975-06-26";"1974-11-14";"005892831";
"72";"Maschinenschraubstock oder Zweibacken-Aufspannschraubstock";"FRANZ DEGEN [CH]";"DEGEN FRANZ [CH]";"CH383290A";"1960-05-24";"B25B1/18 
B25B11/00";"B25B1/18 (EP) 
B25B11/00 (EP)";"1964-10-15";"1964-10-15";"004301800";
"73";"PNEUMATISCH ANGETRIEBENE SPANNVORRICHTUNG, INSBESONDERE MASCHINENSCHRAUBSTOCK";"ZIMMERMANN HANNS [DE] 
PREISENHAMMER PETER [DE]";"SAURER ALLMA GMBH [DE]";"DE3039906A1 
DE3039906C2";"1980-10-22";"B23Q3/08 
B25B1/18 
B25B1/18";"B25B1/18 (EP)";"1982-04-29 
1983-01-20";"1982-04-29";"006114958";
"74";"NIEDERZUG-WERKSTUECKSPANNVORRICHTUNG, INSBESONDERE NIEDERZUG-MASCHINENSCHRAUBSTOCK";"PREWO WILLI 
SCHAD HERBERT";"PREWO WILLI";"DE2447243A1 
DE2447243B2";"1974-10-03";"B23Q3/06 
B25B1/24 
B25B1/24";"B25B1/2473 (EP)";"1976-04-08 
1976-11-25";"1976-04-08";"005927462";
"75";"MECHANISCHER KRAFTVERSTAERKER SOWIE EINE SOLCHEN AUFWEISENDER MASCHINENSCHRAUBSTOCK";"HEINE WERNER [DE]";"KESEL GEORG GMBH & CO KG [DE]";"DE4127772A1 
DE4127772C2";"1991-08-22";"B23Q3/02 
B25B1/10 
B25B1/18 
B25B1/10 
F16H25/18";"B25B1/106 (EP) 
F16H25/183 (EP)";"1993-02-25 
1996-06-05";"1993-02-25";"006438831";
"76";"SPANNEINRICHTUNG, INSBESONDERE MASCHINENSCHRAUBSTOCK";"ROEHM GUENTER HORST";"ROEHM GUENTER H";"DE2710424A1 
DE2710424C2";"1977-03-10";"B25B1/10 
B23Q3/02 
B25B1/18 
B25B1/10";"B25B1/106 (EP)";"1978-09-14 
1987-05-21";"1978-09-11";"006003268";
"77";"SPANNEINRICHTUNG, INSBESONDERE MASCHINENSCHRAUBSTOCK";"PFLUEGER LUDWIG [DE]";"PEDDINGHAUS CARL ULLRICH DR [DE]";"DE3909812A1";"1987-09-30";"B23Q3/02 
B25B1/18 
B25B1/10 
B25B1/24";"B25B1/103 (EP,US) 
B25B1/106 (EP,US) 
B25B1/24 (EP,US)";"1990-10-04";"1990-10-04";"025860292";
"78";"Vorrichtung zum Einsetzen und Einspannen von mehreren gleichen zylindrischen Werkstuecken in einen Maschinenschraubstock";"ARNOLD FRANZ";"ARNOLD FRANZ";"DE1807915A1";"1968-11-08";"B25B1/24";"B25B1/2463 (EP)";"1969-12-11";"1969-12-11";"005712820";
"79";"Präzisionsbohr- und dübelvorrichtung";"";"VERHEYEN PAUL [DE]";"DE29815702U1";"1998-09-01";"B23B45/14 
B23B49/00 
B27C3/00 
B23B45/14 
B23B47/28 
B25H1/00";"B23B47/288 (EP) 
B25H1/0064 (EP)";"2000-01-13";"2000-01-13";"008062083";
"80";"SPANNVORRICHTUNG MIT KRAFTVERSTAERKER, INSBESONDERE FUER EINEN MASCHINENSCHRAUBSTOCK";"PREISENHAMMER PETER";"SAURER ALLMA GMBH";"DE2364912A1 
DE2364912B2 
DE2364912C3";"1973-12-28";"G05G5/10 
G05G17/00 
B25B1/18";"B25B1/18 (EP)";"1975-07-03 
1978-05-11 
1979-02-08";"1975-07-03";"005902116";
"81";"Zusatzvorrichtung für Maschinenschraubstöcke.";"GLOOR ROGER";"GLOOR ROGER";"EP0115474A2 
EP0115474A3 
EP0115474B1";"1983-02-01";"B25B1/20 
B25B1/24 
B25B1/24";"B25B1/2421 (EP)";"1984-08-08 
1984-09-05 
1986-10-08";"1984-08-08";"025684919";
"82";"Schnellspannvorrichtung";"HEINE WERNER [DE] 
MATTOX JAMES R [US]";"KESEL GEORG GMBH & CO KG [DE]";"DE10140191A1 
DE10140191B4";"2000-05-23";"B25B1/10 
B25B1/12 
B25B1/18 
B25B1/10 
B25B1/12 
B25B1/18";"B25B1/106 (EP) 
B25B1/12 (EP) 
B25B1/125 (EP) 
B25B1/18 (EP)";"2003-03-13 
2009-06-18";"2003-03-13";"026005790";
"83";"SPANNEINRICHTUNG, INSBESONDERE MASCHINENSCHRAUBSTOCK";"ROEHM GUENTER HORST";"ROEHM GUENTER H";"DE2916179A1 
DE2916179C2";"1979-04-21";"B25B1/24 
B23Q3/02 
B25B1/18 
B25B1/10";"B25B1/103 (EP) 
B25B1/106 (EP)";"1980-10-30 
1987-05-07";"1980-10-22";"006068908";
"84";"Schraubstock mit Schnellwechselbacken";"SCHWAERZLER BERNHARD [DE]";"KESEL GEORG GMBH & CO KG [DE]";"DE10241815A1 
DE10241815B4";"2002-09-06";"B25B1/00 
B25B1/24 
B25B1/24 
B25B1/00";"B25B1/2405 (EP)";"2004-03-25 
2014-04-03";"2004-03-25";"031895751";
"85";"Kein Titel verfügbar";"";"";"DE8708680U1";"1987-06-23";"B23B39/00 
B23Q3/02 
B25B1/24";"B25B1/24 (EP)";"1988-01-28";"1988-01-28";"006809331";
"86";"PNEUMATISCH ANGETRIEBENE SPANNVORRICHTUNG, INSBESONDERE MASCHINENSCHRAUBSTOCK";"ZIMMERMANN HANS [DE] 
BLEEK HEINZ [DE]";"SAURER ALLMA GMBH [DE]";"DE3219621A1 
DE3219621C2";"1982-05-25";"B25B1/18 
B25B1/10 
B25B1/12";"B25B1/106 (EP) 
B25B1/125 (EP)";"1983-12-01 
1984-05-17";"1983-12-01";"006164442";
"87";"SPANNVORRICHTUNG, INSBESONDERE MASCHINENSCHRAUBSTOCK";"ARNOLD FRANZ";"ARNOLD FRANZ";"DE2626557A1 
DE2626557B2 
DE2626557C3";"1976-06-14";"B25B1/18 
B25B1/10 
B25B1/18";"B25B1/106 (EP) 
B25B1/18 (EP)";"1977-12-15 
1978-07-06 
1979-03-15";"1977-12-15";"005980476";
"88";"Kein Titel verfügbar";"";"";"DE9217670U1";"1992-12-24";"B23Q3/02 
B25B1/00 
B25B1/10 
B25B1/24";"B25B1/103 (EP) 
B25B1/2436 (EP) 
B25B1/2478 (EP)";"1993-05-13";"1993-05-13";"006887558";
"89";"Kein Titel verfügbar";"";"";"DE7917203U1";"";"B23Q3/02 
B23Q3/02";"B25B1/24 (EP) 
B25B1/2405 (EP) 
B25B5/08 (EP)";"1981-04-02";"1981-04-02";"001325080";
"90";"Spannvorrichtung, insbesondere Maschinenschraubstock";"BERCHTOLD HEINRICH [CH]";"GRESSEL AG [CH]";"EP0901884A1 
EP0901884B1";"1997-09-08";"B25B1/10 
B25B1/24 
B25B1/02 
B25B1/10 
B25B1/24 
F16B2/12";"B23Q3/00 (KR) 
B23Q3/06 (KR) 
B25B1/103 (EP,US) 
B25B1/2405 (EP,US) 
B25B1/2478 (EP,US) 
B25B1/2484 (EP,US)";"1999-03-17 
2001-11-07";"1999-01-14";"008045692";
"91";"Maschinenschraubstock";"";"FRITZ STEINHAUS 
WILHELM STEINHAUS";"DE477803C";"1928-05-27";"B23Q3/02 
B25B1/10";"B23Q3/02 (EP) 
B25B1/103 (EP) 
B25B1/125 (EP)";"1929-06-14";"1929-06-14";"007464641";
"92";"Vorrichtung zur Befestigung von Maschinenschraubstoecken";"ERDRICH OTTO [DE]";"ERDRICH OTTO [DE]";"DE2030819A1";"1970-06-23";"B23B47/28 
B23Q1/48";"B23Q1/4804 (EP)";"1971-12-30";"1971-12-30";"005774663";
"93";"SCHRAUBSTOCK FUER BOHRMASCHINEN ODER DERGLEICHEN";"HOERMANN GEORG";"HOERMANN GEORG";"DE2453249A1 
DE2453249B2 
DE2453249C3";"1974-11-09";"B23B47/28 
B23Q3/02 
B25B1/06";"B25B1/06 (EP)";"1976-05-13 
1980-07-10 
1981-03-19";"1976-05-13";"005930453";
"94";"Kein Titel verfügbar";"";"";"DE8215263U1";"";"B23B47/28 
B23Q3/02 
B23B47/28 
B23Q3/02";"";"1982-09-23";"1982-09-23";"001330260";
"95";"Kein Titel verfügbar";"";"";"DE8713461U1";"1987-10-07";"B25B1/18 
B25B1/10 
F16H25/18";"B25B1/106 (EP) 
F16H25/183 (EP)";"1989-02-02";"1989-02-02";"006812845";
"96";"Kein Titel verfügbar";"";"";"DE9208418U1";"1992-06-24";"B23Q3/02 
B23Q3/08 
B25B1/14 
B25B1/18 
B25B1/10 
B25B1/18";"B25B1/106 (EP) 
B25B1/18 (EP)";"1992-09-10";"1992-09-10";"006880856";
"97";"Kein Titel verfügbar";"";"";"DE8226687U1";"";"B23Q3/02 
B23Q3/02";"B25B1/00 (EP) 
B25B1/06 (EP) 
B25H1/14 (EP)";"1982-12-23";"1982-12-23";"001330811";
"98";"Vorrichtung zur Befestigung von Maschinenschraubstoecken";"ERDRICH OTTO [DE]";"ERDRICH OTTO [DE]";"DE2113626A1";"1970-06-23";"B23B47/28 
B23B45/16 
B23B47/28 
B23Q1/01";"B23B47/28 (EP) 
B23Q1/01 (EP) 
B23Q2701/01 (EP)";"1972-09-28";"1972-09-28";"005802284";
"99";"Spanngeraet, insbesondere Maschinenschraubstock";"TRUEMMLER EGON";"EGON TRUEMMLER";"DE1212909B";"1959-03-16";"B25B1/10";"B25B1/10 (EP)";"1966-03-17";"1966-03-17";"007548238";
"100";"MECHANISCHER KRAFTVERSTAERKER, INSBESONDERE FUER EINEN MASCHINENSCHRAUBSTOCK";"BOEHM OSCAR 
CENARUZZA IGNACIO 
ARNOLD FRANZ";"BOEHM OSCAR 
CENARUZZA IGNACIO 
ARNOLD FRANZ";"DE2517687B1 
DE2517687C2";"1975-04-22";"B23Q3/06 
F16H21/44 
B25B1/10 
F16H25/18";"B25B1/106 (EP) 
F16H25/183 (EP)";"1976-09-16 
1977-04-21";"1976-09-16";"005944610";
"101";"Kein Titel verfügbar";"";"";"DE2358320B1 
DE2358320C2";"1973-11-23";"B23Q3/02 
B25B1/24 
B25B1/22";"B25B1/22 (EP)";"1974-08-22 
1975-03-27";"1974-08-22";"005898830";
"102";"Kein Titel verfügbar";"";"";"DE9006421U1";"1990-06-07";"B23Q3/02 
B25B1/10 
F16H21/44";"B25B1/106 (EP) 
F16H21/44 (EP)";"1991-10-02";"1991-10-02";"006854478";
"103";"Kein Titel verfügbar";"";"";"DE1842787U";"";"";"B25B1/103 (EP) 
B25B1/18 (EP) 
B25B1/2405 (EP)";"1961-11-30";"1961-11-30";"033006230";
"104";"Einstelleinrichtung für die Spannkraft bei einer Spannvorrichtung, insbesondere Maschinenschraubstock.";"PESCH KARL [DE]";"ROEHM GUENTER H [DE]";"EP0582792A1 
EP0582792B1";"1992-07-14";"B25B1/10 
B25B1/10 
B25B1/24";"B25B1/106 (EP) 
B25B1/24 (EP)";"1994-02-16 
1995-07-12";"1994-01-20";"006463149";
"105";"Vorrichtung an Maschinenschraubstöcken zum zentrischen Spannen von Werkstücken.";"KRAUSE LUDWIG M DIPL-ING FH [DE]";"SAURER ALLMA GMBH [DE]";"EP0411472A1";"1989-08-03";"B25B1/10 
B23Q3/06 
B25B1/10 
B25B1/24";"B25B1/103 (EP) 
B25B1/106 (EP)";"1991-02-06";"1991-02-06";"006386455";
"106";"Maschinenschraubstock";"ELIAS NAPOLEON EKLUND [SE] 
PER ALDRIN [SE]";"E N EKLUNDS MEK VERKSTAD AB [SE]";"CH381179A";"1959-05-16";"B25B1/22";"B25B1/22 (EP)";"1964-08-14";"1960-09-01";"020264822";
"107";"Maschinenschraubstock.";"JERRIM JAMES HENRY [GB]";"JERRIM JAMES HENRY [GB]";"AT90317B";"1918-02-13";"";"";"1922-12-11";"1922-12-11";"009864061";
"108";"Kein Titel verfügbar";"";"";"DE8908107U1";"1989-05-11";"B23Q3/02 
B25B1/00 
B25B1/24";"B25B1/2489 (EP)";"1989-11-09";"1989-11-09";"005609103";
"109";"Mechanischer Kraftverstärker, insbesondere für einen Maschinenschraubstock";"";"BOEHM OSCAR 
CENARUZZA IGNACIO 
ARNOLD FRANZ";"DE7512789U";"1975-04-22";"B23Q3/06 
F16H25/00 
B25B1/10 
B25B1/24 
F16H21/44 
F16H25/18";"B25B1/106 (EP,US) 
F16H21/44 (EP,US) 
F16H25/183 (EP,US) 
Y10T74/18992 (EP,US)";"1976-01-29";"1976-01-29";"006651732";
"110";"Kein Titel verfügbar";"";"";"DE9204016U1";"1992-03-25";"B23Q3/02 
B25B1/18 
B25B1/10";"B25B1/106 (EP)";"1993-07-22";"1993-07-22";"006877666";
"111";"Vice with fixed and moving jaw - has spindle for movement of intensifier which thrusts against vice base part";"";"";"DE4018194C1";"1990-06-07";"B23Q3/02 
B25B1/10 
B25B1/18 
B25B1/24";"B25B1/106 (EP) 
B25B1/18 (EP) 
B25B1/2473 (EP)";"1991-04-18";"1991-04-18";"006407928";
"112";"MECHANISCH-HYDRAULISCHES SPANNGERAET.";"ARNOLD FRANZ [DE]";"ARNOLD FRANZ [DE]";"DE1923900U";"1960-11-23";"";"";"1965-09-16";"1965-09-16";"033316975";
"113";"Schraubstock, insbesondere Maschinenschraubstock.";"FRIEDRICH SINZIG [CH]";"SINZIG FRIEDRICH [CH]";"CH263354A";"1945-10-01";"B25B1/10";"B25B1/103 (EP) 
B25B1/2405 (EP) 
B25B1/2436 (EP)";"1949-08-31";"1949-08-31";"004474813";
"114";"Kein Titel verfügbar";"";"";"DE9208893U1";"1992-07-03";"B25B1/20 
B25B1/24 
B25B1/24";"B25B1/2421 (EP) 
B25B1/2457 (EP)";"1992-09-10";"1992-09-10";"006881210";
"115";"Maschinenschraubstock";"BROCKHAUS RICHARD";"JOSEF HEUER";"DE679844C";"1936-01-03";"B25B1/24";"B25B1/2489 (EP)";"1939-09-11";"1939-09-11";"007179857";
"116";"Mechanische Spanneinrichtung.";"SCHAER PAUL [CH]";"GREMOLITH AG [CH]";"EP0477134A1";"1990-09-20";"B25B1/10 
B25B1/10 
B25B1/24";"B25B1/106 (EP) 
B25B1/24 (EP)";"1992-03-25";"1992-03-25";"004247295";
"117";"Werkstückspanneinrichtung für Klein- und Mittelserien";"ROSENKRANZ MANFRED [DE]";"ROSENKRANZ MANFRED [DE]";"DE10027536A1";"2000-06-02";"B23Q3/02 
B25B1/10 
B25B1/12";"B25B1/10 (EP) 
B25B1/12 (EP)";"2001-12-06";"2001-12-06";"007644571";
"118";"Dreipunkt-Einspannvorrichtung fuer Werkstuecke mit runden oder winklig zueinander verlaufenden Begrenzungsflaechen";"SOMMER PAUL";"PAUL SOMMER";"DE952610C";"1952-06-06";"B25B1/24";"B25B1/2405 (EP) 
B25B1/241 (EP) 
B25B1/2415 (EP)";"1956-11-15";"1956-11-15";"007479558";
"119";"Schnellspannvorrichtung";"";"KESEL GEORG GMBH & CO KG [DE]";"DE20113625U1";"2001-08-22";"B25B1/00 
B25B1/12 
B25B1/18";"B25B1/12 (EP) 
B25B1/18 (EP)";"2001-10-18";"2001-10-18";"007960620";
"120";"Um die Spannachse drehbarer Maschinenschraubstock.";"";"BERLINER GUSZSTAHLFABRIK & EIS";"AT15766B";"1903-06-15";"";"";"1904-04-11";"1904-04-11";"003516398";
"121";"IN DIE SPINDEL EINES MASCHINENSCHRAUBSTOCKES INTEGRIERTE STUFENLOSE ARRETIERVORRICHTUNG";"SZEBOLD JOHANN DIPL ING [DE]";"KONTEC GMBH [DE]";"DE4011107A1 
DE4011107C2";"1990-04-06";"B25B7/02 
B23Q3/02 
B25B1/02 
B25B1/18";"B25B1/18 (EP)";"1991-10-10 
1992-10-08";"1991-10-10";"006403872";
"122";"Kein Titel verfügbar";"";"";"DE1784195U";"";"";"B25B25/00 (EP)";"1959-02-26";"1959-02-26";"032859441";
"123";"SPANN-, BOHR- UND BEARBEITUNGSVORRICHTUNG MIT VARIABLEN ANSCHLAEGEN FUER SCHRAUBSTOECKE, INSBESONDERE BOHR- UND MASCHINEN-SCHRAUBSTOECKE, SOWIE FUER METALL-, KUNSTSTOFF- UND HOLZBEARBEITUNGSMASCHINEN.";"BINDL ALOIS [DE]";"BINDL ALOIS [DE]";"DE1971495U";"1967-07-31";"";"B23G1/00 (EP) 
B25B5/006 (EP)";"1967-10-26";"1967-10-26";"033325422";
"124";"Kein Titel verfügbar";"";"";"DE7832977U1";"";"B23Q3/02 
B23Q3/02";"B25B1/103 (EP)";"1980-04-17";"1980-04-17";"001323899";
"125";"Backe für Spannvorrichtungen";"SCHIRLING KLAUS [DE]";"KLAUS SCHIRLING FRAESTECHNIK W [DE]";"DE4321531A1";"1992-07-03";"B23Q3/02 
B25B1/20 
B25B1/24 
B25B1/24";"B25B1/2421 (EP) 
B25B1/2452 (EP)";"1994-01-05";"1994-01-05";"025927205";
"126";"Kein Titel verfügbar";"";"";"DE8028201U1";"";"B23Q3/02 
B23Q3/02";"B25B1/18 (EP) 
B25B5/122 (EP)";"1982-04-08";"1982-04-08";"001327404";
"127";"Einrichtung zum Spannen eines Maschinenschraubstockes auf dem Maschinentisch einer Werkzeugmaschine, insbesondere einer Ständerbohrmaschine";"FEISTE RUEDIGER [DE] 
LINKE CHRISTIAN [DE] 
KLEY THOMAS [DE] 
MUELLER DENIS [DE]";"VER ENERGIEWERKE AG [DE]";"DE19609269A1 
DE19609269C2";"1996-02-28";"B23Q3/02 
B25B11/00 
B23B47/28 
B23Q1/00 
B23Q16/08 
B25B1/22 
B25B1/24";"B23Q1/0063 (EP) 
B23Q16/08 (EP) 
B25B1/22 (EP) 
B25B1/2484 (EP)";"1997-09-04 
1999-01-21";"1997-09-04";"007787790";
"128";"Vielseitig verwendbares Werkstaettengeraet zur spanabhebenden Bearbeitung";"LUCE HANS";"HOMMEL G M B H H";"DE876792C";"1942-01-15";"B23B17/00 
B23P23/02 
B23Q37/00";"B23P23/02 (EP) 
B23Q1/00 (EP) 
B23Q37/00 (EP)";"1953-05-18";"1953-05-18";"007144533";
"129";"Antrieb für einen Maschinenschraubstock.";"FEISTENAUER HARALD 
KRAUSE LUDWIG";"SAURER ALLMA GMBH [DE]";"EP0340602A1 
EP0340602B1";"1988-05-06";"B25B1/10 
B25B1/24 
B25B1/06 
B25B1/10 
B25B1/24";"B25B1/00 (KR) 
B25B1/106 (EP,US) 
B25B1/2473 (EP,US)";"1989-11-08 
1992-07-01";"1988-06-30";"006823803";
"130";"Schraubstock, insbesondere zum Spannen von Massenteilen";"BAUER HERMANN";"BAUER HERMANN";"DE814876C";"1948-10-02";"B25B1/08 
B25B1/10 
B25B1/12 
B25B1/16";"B25B1/08 (EP) 
B25B1/103 (EP) 
B25B1/125 (EP) 
B25B1/16 (EP)";"1951-09-27";"1951-09-27";"007364778";
"131";"Kein Titel verfügbar";"";"";"DE1825095U";"";"";"B25B1/06 (EP)";"1961-01-12";"1961-01-12";"032971328";
"132";"SCHRAUBSTOCK ZUM ZENTRISCHEN SPANNEN";"KRAUSE LUDWIG M DIPL ING [DE]";"SAURER ALLMA GMBH [DE]";"DE3925718A1";"1989-08-03";"B23Q3/02 
B25B1/18 
B25B1/10";"B25B1/103 (EP) 
B25B1/106 (EP)";"1991-02-07";"1991-02-07";"006386456";
"133";"Kein Titel verfügbar";"";"";"DE8215194U1";"";"B23Q3/02 
B23Q3/02";"B25B1/18 (EP)";"1983-11-10";"1983-11-10";"001330256";
"134";"Kein Titel verfügbar";"";"";"DE7120624U";"1971-05-24";"B25B1/24";"B25B1/2452 (EP)";"1971-09-09";"1971-09-09";"006621541";
"135";"Kein Titel verfügbar";"";"";"DE9104696U1";"1991-04-17";"B23Q3/02 
B25B1/18 
B25B11/00 
F16B2/00 
B25B1/10 
B25B1/24";"B25B1/103 (EP) 
B25B1/106 (EP) 
B25B1/24 (EP)";"1992-08-13";"1992-08-13";"006866411";
"136";"Schraubstock, insbesondere Maschinenschraubstock.";"GOOD JOHANN";"GOOD JOHANN";"EP0107763A2 
EP0107763A3 
EP0107763B1";"1982-10-06";"B25B1/12 
B25B1/18 
B25B1/24 
B25B1/12 
B25B1/18 
B25B1/24";"B25B1/125 (EP) 
B25B1/18 (EP) 
B25B1/2405 (EP)";"1984-05-09 
1986-01-15 
1988-11-09";"1984-05-09";"004300498";
"137";"ZENTRIER- UND SPANNSCHRAUBEN-VORRICHTUNG";"";"JOHANN SPREITZER WERKZEUG NORM [DE]";"DE4116979A1";"1991-05-23";"B23Q3/00 
B25B1/10 
B25B1/18 
B25B1/06 
B25B1/10 
B25B1/18";"B25B1/06 (EP) 
B25B1/103 (EP) 
B25B1/18 (EP)";"1992-11-26";"1992-11-26";"006432340";
"138";"Spannvorrichtung";"";"KESEL GEORG GMBH & CO KG [DE]";"DE20022497U1";"2000-05-23";"B23Q3/02 
B25B1/10 
B25B1/12 
B25B1/18 
B25B1/12";"B25B1/125 (EP)";"2001-10-25";"2001-10-25";"026005791";
"139";"Einrichtung zum Spannen eines Maschinenschraubstockes auf dem Maschinentisch einer Werkzeugmaschine, insbesondere einer Ständerbohrmaschine";"FEISTE RUEDIGER [DE] 
LINKE CHRISTIAN [DE] 
KLEY THOMAS [DE] 
MUELLER DENIS [DE]";"VER ENERGIEWERKE AG [DE]";"DE19739418A1 
DE19739418C2";"1996-02-28";"B23Q3/02 
B25B11/00 
B23B47/28 
B25B1/22 
B25B1/24";"B25B1/22 (EP) 
B25B1/2484 (EP)";"1999-03-11 
2000-03-30";"1999-03-11";"026023642";
"140";"SCHRAUBSTOCK ODER DERGL. SPANNGERAET";"ROEHM GUENTER HORST [DE]";"ROEHM GUENTER H";"DE3244377A1";"1982-12-01";"B25B1/10 
B25B1/12";"B25B1/125 (EP)";"1984-06-07";"1984-05-01";"006179493";
"141";"PARALLEL-SCHRAUBSTOCK";"";"ROEMHELD K G A [DE]";"DE6941015U";"1969-10-21";"";"B25B1/18 (EP) 
B25B1/2405 (EP)";"1970-03-19";"1970-03-19";"034126009";
"142";"Spannkrafteinstellvorrichtung für eine Spannvorrichtung.";"BERCHTOLD HEINRICH DIPL-ING [CH]";"GRESSEL AG [CH]";"EP0509265A2 
EP0509265A3 
EP0509265B1";"1991-04-17";"B25B1/10 
B25B1/24 
B23Q3/02 
B23Q3/06 
B25B1/06 
B25B1/10 
B25B1/24";"B25B1/103 (EP,US) 
B25B1/18 (KR) 
B25B1/24 (EP,US)";"1992-10-21 
1993-03-10 
1995-05-24";"1992-10-21";"006429795";
"143";"Mechanisch-hydraulische Spannvorrichtung";"PREWO WILLI 
GIENGER SIEGFRIED";"WILLI PREWO WERKZEUG U MASCHIN";"DE1900835A1 
DE1900835B2 
DE1900835C3";"1969-01-09";"B25B1/00 
B25B1/10 
B25B1/24";"B25B1/106 (EP) 
B25B1/2473 (EP)";"1970-10-15 
1974-08-15 
1975-04-03";"1970-10-15";"005721961";
"144";"Kein Titel verfügbar";"";"";"DE2305487B1 
DE2305487C2";"1973-02-05";"B23Q3/06 
B23Q3/06";"B23Q3/066 (EP)";"1974-04-11 
1974-11-07";"1974-04-11";"005870945";
"145";"Kein Titel verfügbar";"";"";"DE8525907U1";"1985-09-11";"B25B1/18 
B25B1/18";"B25B1/18 (EP)";"1985-12-19";"1985-12-19";"006785114";
"146";"SCHRAUBSTOCK, INSBESONDERE MASCHINEN-  SCHRAUBSTOCK";"";"ROEHM GMBH";"DE2909937A1 
DE2909937C2";"1979-03-14";"B23Q3/02 
B25B1/02 
B23Q3/06";"B23Q3/066 (EP)";"1980-09-25 
1988-03-17";"1980-09-15";"006065320";
"147";"Spann- beziehungsweise Greifsystem";"MILZ PANKRAZ [DE]";"ALLMATIC JAKOB GMBH & CO [DE] 
ALLMATIC JAKOB GMBH & CO SPANN [DE]";"EP1329283A2 
EP1329283A3 
EP1329283B1";"2002-01-15";"B23Q3/06 
B23Q3/08 
B25B1/02 
B25B1/18";"B25B1/18 (EP)";"2003-07-23 
2003-10-29 
2005-10-26";"2003-07-23";"007712167";
"148";"Kein Titel verfügbar";"";"";"DE1700098U";"";"";"B25B5/163 (EP)";"1955-06-08";"1955-06-08";"032306632";
"149";"Schraubstock";"";"BAUMGAERTNER HANS PETER [DE]";"DE20206441U1";"2002-04-23";"B23Q3/02 
B25B1/02 
B25B1/10 
B25B1/24";"B25B1/103 (EP) 
B25B1/2489 (EP)";"2002-08-14";"2002-08-14";"007970448";
"150";"Maschinen-Schraubstock mit Aufspanneinrichtung.";"MUELLER-ZOLLINGER CIE R [CH]";"MUELLER ZOLLINGER & CIE R [CH]";"CH206781A";"1938-10-11";"B25B1/22 
B25B1/24";"B25B1/22 (EP) 
B25B1/2457 (EP)";"1939-08-31";"1939-08-31";"004445212";
"151";"Kein Titel verfügbar";"";"";"DE9006613U1";"1990-06-12";"B23B31/20 
B23Q1/28 
B23Q1/52 
B23Q3/06";"B23Q1/28 (EP) 
B23Q1/522 (EP) 
B23Q3/067 (EP)";"1990-08-23";"1990-08-23";"006854609";
"152";"Kein Titel verfügbar";"";"ARNOLD FRANZ 
BOEHM OSCAR";"CH587098A5";"1973-11-23";"B23Q3/02 
B23Q1/28 
B23Q3/10";"B23Q1/28 (EP,US) 
B23Q3/102 (EP,US)";"1977-04-29";"1975-06-20";"005902326";
"153";"VORRICHTUNG ZUR VERSCHWENK- UND FESTSTELLBAREN LAGERUNG EINES MASCHINENSCHRAUBSTOCKES AUF EINEM MASCHINENTISCH";"WAGNER HEINZ [CH] 
WERMUTH CHARLES [CH] 
WUERTHELE ADOLF [CH]";"GRESSEL AG [CH]";"DE3232496A1 
DE3232496C2";"1981-11-03";"B23Q3/04 
B23Q1/28 
B23Q1/52 
B25B1/22";"B23Q1/28 (EP) 
B23Q1/522 (EP) 
B25B1/22 (EP)";"1983-05-11 
1983-10-20";"1983-05-11";"025797044";
"154";"Maschinenschraubstock.";"BUSCH HANS";"BUSCH HANS";"AT99629B";"1924-04-12";"";"";"1925-04-10";"1925-04-10";"003618781";
"155";"MASCHINENSCHRAUBSTOCK.";"";"SCHOEN & CIE G M B H [DE]";"DE1643140U";"1952-05-15";"";"";"1952-09-04";"1952-09-04";"030464486";
"156";"DREHBARER SPANNTISCH.";"BAIER FRIEDRICH [DE]";"BAIER FRIEDRICH [DE]";"DE1808960U";"1959-06-16";"";"";"1960-03-31";"1960-03-31";"032914283";
"157";"Spannvorrichtung für Werkstücke";"";"BUEHLER WOLFGANG [DE]";"DE29513910U1";"1995-08-30";"B23Q3/02 
B23Q16/00 
B23Q3/10 
B25B1/24";"B23Q16/001 (EP) 
B23Q3/103 (EP) 
B25B1/24 (EP)";"1995-10-19";"1995-10-19";"008012392";
"158";"Kein Titel verfügbar";"";"";"DE8232914U1";"";"B23Q3/02 
B23Q3/02";"";"1983-03-03";"1983-03-03";"001331115";
"159";"Maschinen-Parallelschraubstock mit niederziehenden Spannbacken";"";"JOHANN SCHMIDT";"DE499040C";"1927-02-06";"B23B31/30 
B23Q3/02 
B25B1/10 
B25B1/24";"B23B31/30 (EP) 
B23Q3/02 (EP) 
B25B1/103 (EP) 
B25B1/2473 (EP)";"1930-06-13";"1930-06-13";"007442326";
"160";"Kein Titel verfügbar";"";"";"DE1880557U";"";"";"B25B1/20 (EP)";"1963-10-10";"1963-10-10";"033180174";
"161";"Universal-Spann- oder Bearbeitungsvorrichtung mit Anschlaegen";"BINDL ALOIS";"BINDL ALOIS";"DE1603735A1";"1967-07-31";"B25B1/24";"B25B1/2468 (EP)";"1971-02-18";"1971-02-18";"006987129";
"162";"Kein Titel verfügbar";"";"";"DE8303171U1";"";"B23Q3/00 
B23Q3/00";"";"1983-10-20";"1983-10-20";"001331469";
"163";"AUFSPANNVORRICHTUNG FUER WERKZEUGMASCHINEN, INSBESONDERE SCHLEIFMASCHINEN.";"";"DEUTSCHE EDELSTAHLWERKE AG [DE]";"DE1873864U";"1963-02-04";"";"B23Q3/06 (EP) 
B25B1/00 (EP) 
B25B1/06 (EP) 
B25B5/006 (EP) 
B25B5/04 (EP) 
B25B5/08 (EP) 
B25B5/163 (EP)";"1963-06-12";"1963-06-12";"033163961";
"164";"Schraubstock";"P ZHED VICTOR 
Z SELJUKOV JURY 
K ZAITSEV MIKHAIL 
I SHPAKOVSKY ALEXANDR 
V BAZYLKO VASILY";"EXNII METALLOREZH STANKOV";"DE1288522B";"1965-01-27";"B25B1/12 
B25B1/18";"B25B1/12 (EP) 
B25B1/18 (EP)";"1969-01-30";"1969-01-30";"007073414";
"165";"WINKELEINSTELLVORRICHTUNG, INSBESONDERE  FUER MASCHIENNSCHRAUBSTAECKE";"ARNOLD FRANZ";"ARNOLD FRANZ";"DE2365373A1 
DE2365373B2";"1973-11-23";"B23Q17/16 
B23Q1/28 
B23Q1/48 
B25B1/22";"B23Q1/28 (EP) 
B23Q1/4866 (EP) 
B25B1/22 (EP)";"1975-05-28 
1975-09-25";"1975-05-28";"025766141";
"166";"SPANNEINRICHTUNG";"HOERL BERNHARD [DE] 
HOERL ROLAND [DE]";"HOERL BERNHARD [DE]";"DE4118376A1";"1990-06-12";"B23B31/20 
B23Q3/06";"B23Q3/067 (EP)";"1991-12-19";"1991-12-19";"025904252";
"167";"Maschinen-Schraubstock mit Aufspanneinrichtung.";"MUELLER-ZOLLINGER CO R [CH]";"MUELLER ZOLLINGER & CO R [CH]";"CH225507A";"1938-10-11";"B25B1/22";"B25B1/22 (EP)";"1943-01-31";"1943-01-31";"025724355";
"168";"Druckstück";"";"SCHWARZ MARTIN [DE]";"DE29802803U1";"1998-02-18";"B23Q3/02 
B25B1/24 
B25B1/24";"B25B1/2452 (EP) 
B25B1/2457 (EP) 
B25B1/2463 (EP)";"1998-04-30";"1998-04-30";"008052852";
"169";"Kein Titel verfügbar";"";"";"DE8132042U1";"";"B23Q3/02 
B25B1/22 
B23Q3/02 
B25B1/22";"B23Q1/52 (EP)";"1983-04-14";"1983-04-14";"001329271";
"170";"Anschlageinrichtung für eine Werkzeugmaschine";"";"GRUMBACH JOERG [DE]";"DE29603498U1";"1996-02-27";"B23Q3/18 
B23Q1/62 
B23Q16/00";"B23Q1/621 (EP) 
B23Q16/001 (EP)";"1997-03-27";"1997-03-27";"008020135";
"171";"SCHNELL EINRASTENDE ZUSATZEINHEIT FÜR MASCHINEN-SCHRAUBSTÖCKE.";"DURFEE DAVID [US]";"DURFEE SUSAN M [US]";"DE68914276T2";"1986-12-15";"B25B1/24 
B25B1/10 
B25B1/24";"B25B1/24 (EP,KR,US) 
B25B1/2463 (EP,US)";"1994-08-11";"1990-02-08";"022836451";
"172";"SCHRAUBSTOCK MIT DOPPELTER SCHRAUBSTOCKOEFFNUNG";"BRUNO MARIO [IT]";"BRUNO MARIO [IT] 
COSTA GIULIO [IT]";"DE3242319A1";"1981-11-24";"B23Q3/02 
B25B1/24 
B23D47/04 
B23D51/04 
B25B1/24 
B25H1/00";"B23D47/04 (EP) 
B23D51/04 (EP) 
B25B1/24 (EP) 
B25B1/2457 (EP) 
B25B1/2478 (EP) 
B25H1/005 (EP)";"1983-06-01";"1983-06-01";"027452959";
"173";"Kein Titel verfügbar";"";"";"DE8911992U1";"1989-10-07";"B23Q3/06 
B25B1/00 
B25B1/24 
B25B5/00";"B25B1/2484 (EP) 
B25B5/006 (EP)";"1989-11-30";"1989-11-30";"006843554";
"174";"HYDRAULISCHER ARBEITSZYLINDER IN KURZHUBAUSFUEHRUNG";"TOELLNER SIEGFRIED [DD] 
MARTIN KLAUS [DD]";"NETZSCHKAU MASCHF NEMA [DD]";"DD262264A1";"1987-07-01";"F15B15/24 
F15B15/24";"";"1988-11-23";"1988-11-23";"005590286";
"175";"Kein Titel verfügbar";"";"";"DE8007194U1";"";"B23Q3/02 
B23Q3/02";"";"1980-06-12";"1980-06-12";"001326413";
"176";"ZUSATZBACKE FUER MASCHINENSCHRAUBSTOECKE";"HECKER HELMUT [DE]";"HILMA GMBH MASCHF [DE]";"DE3010096A1";"1980-03-15";"B23Q3/02 
B25B1/24";"B25B1/241 (EP) 
B25B1/2452 (EP)";"1981-09-24";"1981-09-24";"006097378";
"177";"Hydraulischer Mehrfachspanner";"ISENMANN HELMUT [DE]";"ISENMANN HELMUT [DE]";"DE19518881A1";"1995-05-23";"B25B11/00 
F15B15/08 
B25B1/24";"B25B1/2421 (EP) 
B25B1/2452 (EP)";"1996-11-28";"1996-11-28";"007762652";
"178";"Aufspannvorrichtung fuer Werkzeugmaschinentische";"";"WILLI PREWO";"DE1088319B";"1954-09-13";"B25B1/22";"B25B1/22 (EP)";"1960-09-01";"1960-09-01";"007364197";
"179";"PNEUMATISCHER SCHRAUBSTOCK MIT HYDRAULISCHEM KRAFTVERSTÄRKER";"PIVK JOZE [SI]";"PIVK JOZE [SI]";"EP1333961A1 
EP1333961B1";"2000-11-09";"B25B1/18 
B25B1/10 
B25B1/18";"B25B1/106 (EP) 
B25B1/18 (EP)";"2003-08-13 
2006-06-14";"2002-05-16";"020430905";
"180";"Klaviertaste mit Oberfläche aus Keramik";"TERRY HAMLYN GRAHAM [DE] 
HOFFMEISTER HANS DR [DE] 
JUNGHANS CLAAS [DE]";"HIPER CERAMICS GMBH [DE]";"DE19632409A1";"1996-08-02";"G10C3/12 
G10C3/12";"G10C3/125 (EP)";"1998-02-05";"1998-02-05";"007802382";
"181";"VORRICHTUNG ZUM ABSTUETZEN UND FESTSPANNEN VON ZU BEARBEITENDEN WERKSTUECKEN AUF EINEM MASCHINENTISCH ODER DERGLEICHEN";"SCHUMANN MANFRED [DE]";"ZIEL JOST [DE]";"DE3204107A1";"1982-02-06";"B23Q3/06 
B25B5/06 
B25B5/10";"B25B5/061 (EP) 
B25B5/106 (EP)";"1983-08-11";"1983-08-11";"006154974";
"182";"Schnellspannvorrichtung an einem Schraubstock";"FRITZ MORGENEGG [CH]";"LEHMANN PETER [CH]";"CH489337A";"1968-04-20";"B25B1/24 
B25B1/08";"B25B1/08 (EP)";"1970-04-30";"1970-02-12";"004302947";
"183";"Schraubstock";"OLSON ELMER THEODORE";"WILTON TOOL MFG CO INC";"DE1114748B";"1954-08-12";"B25B1/18";"B25B1/18 (EP)";"1961-10-05";"1961-10-05";"007595329";
"184";"VORRICHTUNG ZUM POSITIONIEREN UND SPANNEN VON WERKSTUECKEN";"STEINKE HERMANN O";"STEINKE HERMANN O";"DE2520611A1";"1975-05-09";"B23Q3/06 
B23Q1/26 
B23Q1/62";"B23Q1/26 (EP) 
B23Q1/621 (EP)";"1976-11-18";"1976-11-18";"005946119";
"185";"Hydraulische Spannvorrichtung";"KURZ MANFRED [DE]";"HOERBIGER HYDRAULIK [DE] 
HOERBIGER AUTOMATISIERUNGSTECH [DE]";"EP1236542A2 
EP1236542A3";"2001-02-14";"B25B5/06 
B25B1/18 
B25B5/06 
F15B11/02 
F15B15/14 
F15B15/18 
F15B15/20 
B25B1/18";"B25B1/18 (EP) 
B25B5/061 (EP) 
F15B11/022 (EP) 
F15B15/1409 (EP) 
F15B15/204 (EP)";"2002-09-04 
2007-06-06";"2002-09-04";"003669874";
"186";"Doppelbartschloss mit Zuhaltungspaket.";"MAUER GUENTER [DE]";"MAUER GMBH [DE]";"EP0549903A1";"1991-12-04";"E05B21/00 
E05B17/00 
E05B21/00 
E05B25/02";"E05B17/0004 (EP) 
E05B21/00 (EP)";"1993-07-07";"1993-06-09";"006446252";
"187";"SCHRAUBSTOCK, INSBESONDERE MASCHINENSCHRAUBSTOCK.";"";"HERMANN RUECKLE K G [DE]";"DE1905498U";"1964-07-11";"";"";"1964-11-26";"1964-11-26";"033368733";
"188";"Spannwerkzeug";"BINKE THOMAS [DE]";"BINKE THOMAS [DE]";"DE10144168A1 
DE10144168B4";"2001-09-07";"B25B5/14 
B25B5/16 
B25B1/24 
B25B5/16";"B25B1/241 (EP) 
B25B5/163 (EP)";"2003-03-27 
2005-11-24";"2003-03-27";"007698248";
"189";"Parallelschraubstock";"HENNINGER WILHELM";"WILHELM HENNINGER";"DE1094673B";"1956-01-09";"B25B1/24";"B25B1/24 (EP)";"1960-12-08";"1960-12-08";"007150150";
"190";"MATERIALANSCHLAG FUER SCHNEIDEMASCHINEN";"ANDERSSON KARL-AXEL";"ANDERSSON KARL AXEL";"DE2437701A1";"1973-08-06";"B26D7/16 
B23D47/06 
B26D7/01";"B23D47/06 (EP) 
B26D7/01 (EP)";"1975-02-13";"1975-02-07";"020318182";
"191";"Auswechselbare Backeneinsaetze bei Schraubstoecken";"MENGEL ELFRIED";"ELFRIED MENGEL FA";"DE808455C";"1949-12-15";"B25B1/24";"B25B1/2426 (EP)";"1951-07-16";"1951-07-16";"007290967";
"192";"AUSLEGERARM FUER SAEULENBOHRMASCHINEN";"ZACHER KARL-HEINZ [DE]";"ZACHER KARL HEINZ [DE]";"DE4223122A1";"1992-07-14";"B23B39/12 
B23B41/00 
B23B47/28 
B23Q1/28 
B23Q3/06";"B23Q1/28 (EP) 
B23Q3/069 (EP)";"1993-02-25";"1993-02-25";"006463174";
"193";"Mechanische Spannvorrichtung,insbesondere Maschinenschraubstock";"WERMUTH CHARLES 
WAGNER HEINZ";"GRESSEL AG 
ARNOLD FRANZ";"DE1812325A1";"1968-12-03";"B25B1/14 
B25B1/10 
B25B1/12";"B25B1/103 (EP,US) 
B25B1/106 (EP,US) 
B25B1/125 (EP,US)";"1970-07-23";"1970-07-23";"005715039";
"194";"Kein Titel verfügbar";"";"";"DE9102522U1";"1991-03-02";"B25B1/22 
B25B1/10 
B25B1/24";"B25B1/103 (EP) 
B25B1/2405 (EP) 
B25B1/2478 (EP)";"1991-05-23";"1991-05-23";"006864859";
"195";"Spannpratze.";"WURTHELE ADOLF";"GRESSEL AG [CH]";"EP0325738A2 
EP0325738A3 
EP0325738B1";"1988-01-26";"B23Q3/06 
B25B5/10 
B23Q3/06 
B25B5/10";"B25B5/106 (EP) 
B25B5/107 (EP)";"1989-08-02 
1990-03-07 
1992-05-13";"1988-11-03";"006345932";
"196";"VERFAHREN ZUM SPANNEN VON WERKSTUECKEN";"KAYSER-HEROLD UWE DIPL ING";"KAYSER HEROLD UWE";"DE2204579A1";"1972-02-01";"B23Q3/06 
B23Q3/06";"B23Q3/066 (EP)";"1973-08-09";"1973-08-09";"005834641";
"197";"Prägeverfahren";"PIETSCH MANFRED [DE]";"FORSCHUNGSZENTRUM JUELICH GMBH [DE]";"DE19806071A1 
DE19806071C2";"1998-02-14";"B41M1/24 
B44C1/24 
B44C1/10";"B44C1/105 (EP)";"1999-08-19 
2003-02-27";"1999-08-19";"007857717";
"198";"ZENTRIERKOERPER FUER DIE MONTAGE EINER MEHRTEILIGEN BOLZENARTIG AUSGEBILDETEN ZENTRIER- UND SPANNSCHRAUBEN-VORRICHTUNG";"SPREITZER JOHANN [DE]";"SPREITZER JOHANN";"DE3420660A1";"1984-06-02";"B23Q3/02 
B29C45/26 
B23Q3/10 
B29C45/26";"B23Q3/103 (EP) 
B29C45/2606 (EP)";"1985-12-05";"1985-12-05";"006237513";
"199";"ALS FERTIGUNGSHILFSMITTEL DIENENDE ARBEITSVORRICHTUNG";"KOEBLIN ROLF";"MAUSER SCHAERER GMBH";"DE2408350A1 
DE2408350B2";"1974-02-21";"B23Q3/02 
B23Q3/10";"B23Q3/103 (EP,US) 
Y10S269/90 (EP,US)";"1975-08-28 
1976-10-14";"1975-06-16";"005908081";
"200";"Spannbacken fuer eine Spannvorrichtung fuer Werkstuecke";"REICHART ANTON";"ANTON REICHART";"DE828943C";"1950-06-25";"B23Q3/06";"B23Q3/061 (EP) 
B23Q2703/08 (EP)";"1952-01-21";"1952-01-21";"007396047";
"201";"SPANNEINRICHTUNG, INSBESONDERE MASCHINENSCHRAUBSTOCK";"HEINE WERNER";"KESEL GEORG GMBH & CO KG";"DE2909451A1 
DE2909451C2";"1979-03-10";"B23Q3/06 
B25B1/18 
B23Q3/06 
B25B1/10";"B23Q3/066 (EP) 
B25B1/106 (EP)";"1980-09-11 
1982-06-16";"1980-09-11";"006065021";
"202";"Zentrischspanner für zubearbeitete Werkstücke mit 2 Niederzugspanner, elektromechanisch mit dem Losteil, mit Akku-Doppeldrehschrauber angetrieben";"GUNTER ERICH [DE]";"GUNTER ERICH [DE]";"DE4413915A1 
DE4413915C2";"1994-04-21";"B23Q3/06 
B25B1/00 
B23Q3/18";"B23Q3/183 (EP)";"1995-05-04 
1995-11-30";"1995-05-04";"006516071";
"203";"PARALLELSCHRAUBSTOCK";"";"LICENTIA GMBH [DE]";"DE6607128U";"1963-11-25";"";"";"1971-01-21";"1971-01-21";"006586758";
"204";"TEILAPPARAT ZUR VERWENDUNG AUF ARBEITSTISCHEN VON BOHR- UND FRAESMASCHINEN";"ERDRICH OTTO";"ERDRICH OTTO";"DE2220198A1";"1972-04-25";"B23Q17/04 
B23Q16/06";"B23Q16/06 (EP)";"1973-11-08";"1973-11-08";"005843190";
"205";"Vorrichtung zum Festklemmen eines um einen senkrechten Drehzapfen verdrehbaren Schraubstockkörpers in der eingestellten Lage";"ELIAS NAPOLEON EKLUND [SE] 
PER ALDRIN [SE]";"E N EKLUNDS MEK VERKSTAD AB [SE]";"CH381178A";"1959-05-16";"B23Q1/28 
B25B1/22";"B23Q1/28 (EP) 
B25B1/22 (EP)";"1964-08-14";"1960-09-01";"020264818";
"206";"Spaeneauffangblech fuer Fraesmaschinen";"BORM SIEGFRIED 
GROETZNER PETER";"BORM SIEGFRIED 
GROETZNER PETER";"DE2916879B1 
DE2916879C2";"1979-04-26";"B23C9/00 
B23Q11/00";"B23Q11/0053 (EP)";"1980-06-04 
1981-09-03";"1980-06-04";"006069304";
"207";"Spannfutter.";"WERNER ROTH [CH]";"ROTH WERNER [CH]";"CH272884A";"1949-06-10";"B23B31/36";"B23B31/36 (EP) 
B23B2260/088 (EP)";"1951-01-15";"1951-01-15";"004478974";
"208";"Spannvorrichtung";"FRANZ ARNOLD [DE] 
HEINZ WAGNER [CH] 
CHARLES WERMUTH [CH]";"ARNOLD FRANZ [DE]";"CH424674A";"1964-04-07";"B25B 
B25B1/10 
B25B1/14";"B25B1/106 (EP,US) 
B25B1/14 (EP,US)";"1966-11-15";"1965-10-08";"006934847";
"209";"PNEUMATISCH ANGETRIEBENE SPANNVORRICHTUNG.";"ZIMMERMANN HANNS 
PREISENHAMMER PETER";"SAURER ALLMA GMBH";"CH654779A5";"1980-10-22";"B23Q3/08 
B25B1/14 
B25B1/18";"B25B1/18 (EP,US)";"1986-03-14";"1982-04-23";"006719920";
"210";"Ausgleichsbacke";"";"GRUESING HOLGER [DE]";"DE29722501U1";"1997-12-19";"B23Q3/06 
B25B1/20 
B25B1/24";"B25B1/2436 (EP) 
B25B1/2452 (EP)";"1998-05-07";"1998-05-07";"008050242";
"211";"Mehrfachspanner";"WUERTHELE ADOLF [CH]";"GRESSEL AG AADORF [CH]";"DE10302255A1";"2003-01-22";"B25B1/02 
B25B1/12 
B25B1/24 
B25B1/24";"B25B1/2478 (EP)";"2004-08-05";"2004-08-05";"032667721";
"212";"HOHLSPINDEL FUER SPANNGERAETE, INSBESONDERE MASCHINENSCHRAUBSTOECKE MIT DRUCKVERSTAERKER";"PREISENHAMMER PETER";"SAURER ALLMA GMBH";"DE2262383A1 
DE2262383B2";"1972-12-20";"B25B1/10 
B25B1/00 
B25B1/10 
B25B1/24";"B25B1/106 (EP,US)";"1974-07-04 
1976-02-19";"1974-07-04";"005864965";
"213";"Spannvorrichtung mit mechanischem Kraftverstärker.";"RUEGG WALTER";"GRESSEL AG [CH]";"EP0305724A1 
EP0305724B1";"1987-09-01";"B25B1/14 
B23B31/02 
B25B1/10 
B25B1/14 
F16H21/54";"B25B1/106 (EP,US) 
B25B1/14 (EP,US) 
F16H21/54 (EP,US)";"1989-03-08 
1991-06-19";"1988-12-01";"006334920";
"214";"Spannantrieb, insbesondere für Maschinenschraubstöcke.";"MILZ PANKRAZ [DE]";"SAURER ALLMA GMBH [DE]";"EP0525501A1 
EP0525501B1";"1991-08-02";"B25B1/10 
B25B1/10";"B25B1/00 (KR) 
B25B1/106 (EP)";"1993-02-03 
1995-08-30";"1993-02-03";"006437548";
"215";"Kein Titel verfügbar";"";"";"DE8910848U1";"1989-09-12";"B23Q3/02 
B25B1/24 
B25B1/24";"B25B1/2463 (EP)";"1989-11-16";"1989-11-16";"006842762";
"216";"Verfahren zur Montage und zum Austausch grosser Turbinengehäuseteile.";"KARAUS HELMUT [CH]";"ABB MANAGEMENT AG [CH]";"EP0647769A1";"1993-10-07";"F01D25/24 
F01D25/24";"F01D25/24 (EP) 
F01D25/243 (EP) 
F05D2230/60 (EP) 
F05D2230/64 (EP)";"1995-04-12";"1995-04-12";"008213328";
"217";"Schraubstock-Untersatz.";"FRIEDRICH SINZIG [CH]";"SINZIG FRIEDRICH [CH]";"CH260930A";"1946-12-24";"B25B1/22";"B25B1/22 (EP)";"1949-04-15";"1949-04-15";"004473732";
"218";"SPANNSTOCK";"AGETHEN FRANZ";"F & R AGETHEN";"DE2132539A1";"1971-06-30";"B25B1/18 
B23Q3/06 
B25B1/18";"B23Q3/066 (EP) 
B25B1/18 (EP)";"1973-01-11";"1973-01-11";"005812257";
"219";"Work screw vice for machine tools - has ground side face on body forming extra third support surface";"SCHAER PAUL";"GREMOLITH AG";"CH676213A5";"1988-07-12";"B23Q3/02 
B25B1/24";"B25B1/24 (EP) 
B25B1/2405 (EP) 
B25B1/2463 (EP) 
B25B1/2473 (EP)";"1990-12-28";"1989-06-15";"004238689";
"220";"SCHNELLSPANNVORRICHTUNG FUER PARALLEL- UND MASCHINENSCHRAUBSTOECKE";"ROUX PIERRE";"ROUX PIERRE";"DE2634995A1 
DE2634995C2";"1975-08-08";"B23Q3/02 
B25B1/08 
B25B1/08";"B25B1/08 (EP)";"1977-02-17 
1985-06-20";"1976-11-16";"009159071";
"221";"Schraubstock";"HAVAS ALFRED";"ALFRED HAVAS";"DE1201270B";"1961-11-28";"B25B1/24";"B25B1/2463 (EP)";"1965-09-16";"1965-09-16";"007155438";
"222";"Werkstückspannmittel";"VERHOLEN MONIKA [DE]";"VERHOLEN MONIKA [DE]";"DE19955910A1";"1999-11-20";"B23Q3/02 
B24B41/06 
B25B1/24 
B25B11/00 
B25B1/24";"B25B1/2478 (EP)";"2001-05-23";"2001-05-23";"007929761";
"223";"ZENTRIERKOERPER FUER DIE MONTAGE EINER MEHRTEILIGEN BOLZENARTIG AUSGEBILDETEN ZENTRIER- UND SPANNSCHRAUBEN-VORRICHTUNG";"";"";"DE8416923U1";"1984-06-02";"B23Q3/02 
B29F1/022 
B29C45/26";"B29C45/2606 (EP)";"1984-12-06";"1984-12-06";"006767545";
"224";"Vorrichtung zur Ausrichtung und Anbringung der Dachrinnenhaken an der Dachtraufe";"";"PLOTTEK HEIZUNGS LUEFTUNGSTECH [DE]";"DE10119152C1";"2001-04-19";"E04D13/072 
E04D13/072";"E04D13/0722 (EP)";"2002-12-12";"2002-12-12";"007681949";
"225";"Vorrichtung zur Herstellung von Kurvenscheiben";"SCHREITMUELLER HEINZ L";"HEINZ L SCHREITMUELLER";"DE959781C";"1955-04-01";"B23C3/08 
B25H7/00";"B23C3/08 (EP) 
B25H7/00 (EP)";"1957-03-14";"1957-03-14";"007428001";
"226";"Schnellspannschraubstock, insbesondere Parallelschraubstock zur Verwendung auf Werkbaenken";"SONNTAG FRANCOIS";"JUSTIN FRANCOIS SCHMIDLIN 
FRANCOIS SONNTAG";"DE1001197B";"1953-11-11";"B25B1/12";"B25B1/125 (EP)";"1957-01-17";"1957-01-17";"009560967";
"227";"Einspannvorrichtung fuer mehrere zu gleicher Zeit zu bearbeitende Teile aus Holz oder aehnlichem Material";"";"FRANZ FUCHS MASCHINEN U APPBAU";"DE457541C";"1927-04-14";"B23Q1/26 
B23Q1/52 
B23Q35/10 
B27C5/00";"B23Q1/265 (EP) 
B23Q1/52 (EP) 
B23Q35/104 (EP) 
B27C5/003 (EP)";"1928-03-19";"1928-03-19";"007109769";
"228";"Spannvorrichtung";"SELBY JAMES";"ELLIOTT & CO LTD B";"DE1167756B";"1955-11-22";"B25B1/24";"B25B1/2405 (EP) 
B25B1/2489 (EP)";"1964-04-09";"1964-04-09";"010879229";
"229";"Verfahren und Vorrichtung zum Befestigen von Werkstücken zur Bearbeitung auf Aufspanntischen von Werkzeugmaschinen";"RIEDEL ARNO DIPL ING [DE]";"RIEDEL ARNO DIPL ING [DE]";"DE19619088A1";"1996-04-30";"B23Q3/06 
B25B11/00 
B25B1/10 
B25B5/10 
B25B5/16";"B25B1/10 (EP) 
B25B5/10 (EP) 
B25B5/163 (EP)";"1997-11-13";"1997-11-13";"007794077";
"230";"Kein Titel verfügbar";"";"";"DE8800873U1";"1988-01-26";"B23Q3/06 
B25B5/10";"B25B5/106 (EP) 
B25B5/107 (EP)";"1989-05-24";"1989-05-24";"006819945";
"231";"Kraftspindel für Schraubstöcke u.dgl. Spanneinrichtungen";"";"KUCHAR BENJAMIN [SK]";"DE29512709U1";"1994-07-27";"B25B1/10 
B25B5/10 
B25B1/10 
B25B1/12 
B66F3/12";"B25B1/103 (EP) 
B25B1/125 (EP) 
B66F3/12 (EP)";"1995-10-12";"1995-10-12";"020433373";
"232";"Handwerkzeug";"HOPFENMUELLER GEORG [DE] 
LOESCHAN GEROLD [DE]";"BAYERISCHE MOTOREN WERKE AG [DE]";"DE10249914A1 
DE10249914B4";"2002-10-26";"B25B1/10 
B25B1/24 
B25B11/00 
B25B27/00 
B25B27/00 
B25B27/28 
F16H7/24";"B25B27/0035 (EP) 
B25B27/28 (EP) 
F16H7/24 (EP)";"2004-05-13 
2005-04-14";"2004-05-13";"032103045";
"233";"SCHNELLSPANNMASCHINENSCHRAUBSTOCK.";"";"SCHOEN & CIE G M B H [DE]";"DE1684418U";"1952-05-15";"";"";"1954-10-07";"1954-10-07";"032101987";
"234";"BEFESTIGUNGSEINRICHTUNG FUER WERKZEUGE AN WERKZEUGMASCHINEN, INSBESONDERE FUNKENEROSIONSMASCHINEN";"RAMSBRO BOERJE";"SYSTEM 3 R AB";"DE2632435A1 
DE2632435C2";"1976-07-19";"B23B31/04 
B23P1/12 
B23B31/00 
B23B31/107";"B23B31/008 (EP) 
B23B31/1072 (EP) 
B23B2260/136 (EP)";"1978-01-26 
1982-12-23";"1978-01-26";"005983385";
"235";"Linearführung";"KRAUSE LUDWIG MATHAEUS DIPL IN [DE] 
KRAUSE LUDWIG MATHAEUS [DE]";"HILMA ROEMHELD GMBH [DE]";"DE19756695A1 
DE19756695C2";"1997-12-19";"B23Q1/26 
B23Q3/02 
B25B1/24 
B23Q1/58 
B25B1/24";"B23Q1/58 (EP) 
B25B1/2489 (EP)";"1999-07-01 
2003-04-17";"1999-07-01";"007852627";
"236";"Kein Titel verfügbar";"";"";"DE8807050U1";"1988-05-30";"B25B1/24 
B25B1/24";"B25B1/2452 (EP) 
B25B1/2478 (EP)";"1988-10-20";"1988-10-20";"006824539";
"237";"Werkstückspannmittel";"VERHOLEN MONIKA [DE]";"VERHOLEN MONIKA [DE]";"DE19840380A1";"1998-09-04";"B23Q3/02 
B25B11/00 
B25B1/24";"B25B1/2478 (EP) 
B25B1/2489 (EP)";"2000-03-09";"2000-03-09";"007879827";
"238";"Schraubstock aus Metall, bestehend aus einem feststehenden Schlittenbett und einem darauf verschieblich angeordneten Schlitten";"JOOS MANFRED [DE]";"JOOS MANFRED [DE]";"DE4325475A1 
DE4325475C2";"1993-02-02";"B23Q3/02 
B25B1/10 
B25B1/24 
B23Q1/26 
B25B1/24 
F16C29/02";"B23Q1/262 (EP) 
B25B1/2484 (EP) 
B25B1/2489 (EP) 
F16C29/02 (EP) 
F16C2322/39 (EP)";"1994-08-11 
1995-08-03";"1994-08-11";"027204716";
"239";"WERKBANK";"MEYER HEINZ [DE]";"MEYER MASCHINENBAU UND METALLV [DE]";"DE3109692A1";"1981-03-13";"B25H1/02 
B25H1/00 
B25H1/08";"B25H1/00 (EP) 
B25H1/08 (EP)";"1982-09-23";"1982-09-23";"006127168";
"240";"VORRICHTUNG ZUM EINRICHTEN UND SPANNEN VON WERKSTUECKEN";"BRUNS WERNER [DE] 
EICKHORST HELMUT [DE] 
WILKEN ENNO [DE]";"AIRBUS GMBH [DE]";"DE4017983A1 
DE4017983C2";"1990-06-05";"B25B11/00 
B23Q1/03 
B23Q1/54 
B23Q3/02 
B23Q3/08 
B25B11/00";"B23Q1/035 (EP,US) 
B23Q1/5406 (EP,US) 
B25B11/005 (EP,US) 
Y10T279/11 (EP,US)";"1991-12-12 
1992-03-26";"1991-12-11";"006407812";
"241";"HOCHDRUCKSPANNER";"KRAUSE LUDWIG DIPL ING [DE]";"SAURER ALLMA GMBH [DE]";"DE3437403A1 
DE3437403C2";"1984-10-12";"B23Q3/02 
B25B1/18 
B23Q3/06 
B25B1/10 
B25B1/12 
B25B1/18";"B23Q3/06 (KR) 
B25B1/106 (EP,US) 
B25B1/18 (KR)";"1986-04-24 
1993-04-15";"1986-04-10";"006247695";
"242";"ARBEITSSTAENDER FUER ELEKTRISCHE HEIMWERKERMASCHINEN";"";"";"DE8123118U1";"1981-08-06";"B23B45/14 
B25H1/10 
B23B45/14 
B25H1/10";"";"1981-12-10";"1981-12-10";"006730170";
"243";"Vorrichtung zum Befestigen von Riemenverbindern aus in Reihe angeordneten Verbinderklammern auf den Gurtbandenden von Transportgurten";"SCHICK JEAN FRANCOIS [FR]";"GORO SA [FR]";"DE4343384A1 
DE4343384C2";"1993-12-18";"B65G15/32 
F16G3/09 
F16G3/16 
F16G3/04 
F16G3/16";"F16G3/04 (EP,US) 
F16G3/16 (EP,US) 
Y10T24/1672 (EP,US) 
Y10T29/49835 (EP,US) 
Y10T29/49957 (EP,US) 
Y10T29/5343 (EP,US) 
Y10T29/53713 (EP,US)";"1995-06-29 
1996-02-08";"1995-06-23";"006505467";
"244";"Mechanische Spannvorrichtung zur Erzeugung einer hohen Spannkraft";"ARNOLD FRANZ";"ARNOLD FRANZ";"DE1283168B";"1964-12-01";"B25B1/10";"B25B1/106 (EP)";"1968-11-14";"1968-11-14";"006935955";
"245";"Vorrichtung für Spanngut in einer Spannvorrichtung";"";"KITTEL GERALD [DE] 
LANDER GERALD [DE]";"DE20204591U1";"2002-03-22";"B23Q3/02 
B25B1/24 
B25B1/24";"B25B1/2463 (EP)";"2002-07-11";"2002-07-11";"007969271";
"246";"VORRICHTUNG ZUR HALTERUNG EINES WINKELSCHLEIFERS";"";"";"DE8031148U1";"1980-11-22";"B24B23/02 
B24B23/02";"";"1981-07-02";"1981-07-02";"006720792";
"247";"Verstell- und Positioniereinrichtung für Werkzeugmaschinensysteme";"WIEMERS KARL-HEINZ DIPL ING [DE] 
WIEMERS KARL-HEINZ [DE]";"WIEMERS KARL HEINZ DIPL ING [DE] 
WIEMERS KARL HEINZ [DE]";"DE19646096A1 
DE19646096C2";"1996-11-08";"B23Q1/32 
B23Q1/54 
B23Q3/00 
B23Q1/32 
B23Q1/48 
B23Q3/18 
B23Q7/00 
B23Q7/02";"B23Q1/32 (EP) 
B23Q1/4828 (EP) 
B23Q3/183 (EP) 
B23Q7/005 (EP) 
B23Q7/02 (EP)";"1998-05-14 
2001-08-23";"1998-05-14";"007811036";
"248";"Vorrichtung zum zentrierten Spannen von Werkstücken oder dergleichen";"WILHELM JOACHIM [DE] 
BEILHARZ WERNER [DE]";"HICO HIMMEL & CO KG [DE]";"DE19845576A1 
DE19845576C2";"1998-06-30";"B23Q3/02 
B25B11/00 
B25B1/18 
B25B1/08 
B25B1/18 
B25B1/24 
B25B5/06 
B25B5/08";"B25B1/08 (EP) 
B25B1/18 (EP) 
B25B1/2405 (EP) 
B25B5/061 (EP) 
B25B5/087 (EP)";"2000-01-05 
2003-04-10";"1998-09-17";"008059224";
"249";"Mechanischer Kraftverstärker.";"KRAUSE LUDWIG DIPL-ING FH";"SAURER ALLMA GMBH [DE]";"EP0281934A1 
EP0281934B1";"1987-03-12";"B23Q3/06 
B23B31/00 
B23Q3/06 
B25B1/08 
B25B1/10 
F16H25/00 
F16H25/18 
G05G7/02";"B25B1/106 (EP,US) 
F16H21/44 (KR) 
F16H25/183 (EP,US) 
Y10T74/18992 (EP,US)";"1988-09-14 
1992-02-12";"1988-09-14";"006322909";
"250";"Spannvorrichtung fuer Werkstuecke";"SCHEIDT GUENTER";"SCHEIDT GUENTER";"DE2131378A1";"1971-06-24";"B25B1/22";"B25B1/22 (EP)";"1972-12-28";"1972-12-28";"005811690";
"251";"Tiefziehspanner für Spannvorrichtungen an Werkstückbearbeitungsmaschinen";"STARK EMIL [AT]";"STARK EMIL [AT]";"DE4341744A1 
DE4341744C2";"1993-12-08";"B23Q3/06 
B23Q7/00 
B25B11/00 
B25B1/24 
B25B1/10 
B25B1/24 
B25B5/08 
B25B5/10";"B25B1/10 (EP) 
B25B1/2473 (EP) 
B25B5/08 (EP) 
B25B5/10 (EP)";"1995-06-14 
2001-04-19";"1995-06-14";"006504416";
"252";"VERFAHREN UND VORRICHTUNG ZUR KONTROLLE BEIM POSITIONIEREN VON SPINDELACHSEN NACH ANRISSLINIEN";"STEINKE HERMANN O";"STEINKE HERMANN O";"DE2444969A1";"1974-09-20";"B23B49/00 
B23B49/04 
B23Q17/22";"B23B49/04 (EP) 
B23Q17/2258 (EP)";"1976-04-01";"1976-04-01";"005926306";
"253";"DRUCKFLUID BEAUFSCHLAGBARE, VERRIEGELBARE SPANNZYLINDER-KOLBENEINHEIT.";"CHROMIK KAREL";"BIERI AG LIEBEFELD H";"CH663826A5";"1987-02-26";"B23Q3/08 
B25B1/18 
F15B15/26 
B23B31/30 
B25B1/18 
B25B5/06 
B25B5/08 
B29C33/30 
F15B15/26";"B23B31/302 (EP) 
B25B1/18 (EP) 
B25B5/061 (EP) 
B25B5/087 (EP) 
B29C33/305 (EP) 
F15B15/261 (EP)";"1988-01-15";"1988-01-15";"004193702";
"254";"Werkstückspannmittel";"VERHOLEN GUENTER [DE]";"VERHOLEN GUENTER [DE]";"DE19546475A1";"1995-12-13";"B23Q3/02 
B24B41/06 
B25B11/00 
B24B41/06 
B25B1/24";"B24B41/06 (EP) 
B25B1/2478 (EP)";"1997-06-19";"1997-06-19";"007779968";
"255";"FRAESTISCH FUER HEIMWERKERMASCHINEN ZUR DURCHFUEHRUNG VON FRAES- UND FAELZARBEITEN, INSBESONDERE ZUR HERSTELLUNG VON LANGLOECHERN";"";"";"DE7415843U";"1974-05-07";"B23C7/00 
B27C5/04 
B23C7/00 
B27C5/04";"B23Q3/10 (EP)";"1976-04-08";"1976-04-08";"031957293";
"256";"Vorrichtung zum kraftschlüssigen Ausrichten und/oder Fixieren bzw. Festmachen eines Werkstücks oder eines sonstigen Gegenstandes";"";"KRAEMER FRANZ [DE]";"DE20319326U1";"2003-12-12";"B23Q3/00 
B25B1/00 
B25B1/14 
B25B1/18 
B25B1/24 
B23B31/40 
B23D47/04 
B23Q3/18 
B25B1/06 
B25B1/14 
B25B1/20 
B25B1/24 
B25B5/14";"B23B31/4073 (EP) 
B23D47/04 (EP) 
B23Q3/183 (EP) 
B25B1/06 (EP) 
B25B1/14 (EP) 
B25B1/20 (EP) 
B25B1/2405 (EP) 
B25B1/2452 (EP) 
B25B5/147 (EP)";"2004-03-04";"2004-03-04";"031984831";
"257";"Trägerwelle für Rollen";"MURAKAMI MOTOAKI [JP]";"NORITSU KOKI CO LTD [JP]";"DE19642910A1 
DE19642910C2";"1995-10-25";"B65H16/02 
B65H18/04 
G03B27/58 
B65H16/02 
B65H18/04 
B65H75/24 
F16B2/04 
F16D1/06 
F16D1/09";"B65H18/04 (EP,US) 
B65H75/2484 (EP,US) 
B65H2301/41342 (EP,US)";"1997-04-30 
2003-04-30";"1997-04-30";"017586938";
"258";"Spannvorrichtung mit mechanischem Kraftverstärker";"";"GRESSEL AG [CH]";"DE29607064U1";"1996-04-18";"B23Q3/02 
B25B1/14 
B25B1/10";"B25B1/106 (EP)";"1997-08-14";"1997-08-14";"008022778";
"259";"SPANNSYSTEM UND -VERFAHREN ZUM SPANNEN VON WERKSTÜCKEN";"LANG GUENTER [DE]";"LANG GUENTER [DE]";"EP1071542A1 
EP1071542B1";"1998-04-11";"B25B1/24 
B25B1/24";"B25B1/2405 (EP,US) 
B25B1/241 (EP,US)";"2001-01-31 
2002-05-29";"1999-10-21";"007864374";
"260";"KNIEHEBELKRAFTVERSTAERKER";"PREISENHAMMER PETER";"SAURER ALLMA GMBH";"DE2308175A1 
DE2308175B2 
DE2308175C3";"1973-02-19";"F16H21/44 
B25B1/10 
B25B1/14 
B25B1/24 
B30B1/10 
F16H21/26 
F16H21/44 
F16H25/18";"B25B1/106 (EP) 
F16H25/183 (EP)";"1974-09-05 
1975-01-09 
1975-09-04";"1974-09-05";"005872428";
"261";"Druckspeicherblase für gasförmige oder flüssige Druckmedien";"JANSEN HORST [DE]";"JANSEN HORST [DE]";"DE10203008A1 
DE10203008B4";"2002-01-26";"F15B15/10 
F16J3/04 
B25B5/06 
B66F3/35 
F15B11/036 
F15B11/20 
F15B15/10 
F16D65/14 
F16J3/06 
F16J3/04";"B25B5/065 (EP) 
B66F3/35 (EP) 
F15B11/0365 (EP) 
F15B11/20 (EP) 
F15B15/103 (EP) 
F16J3/06 (EP) 
F15B2211/7052 (EP) 
F15B2211/7107 (EP) 
F16D2121/02 (EP) 
F16D2125/14 (EP)";"2003-08-07 
2011-11-17";"2003-08-07";"007713117";
"262";"STEILKEGEL-WERKZEUGHALTER";"JUNG LIEBHARD [DE] 
KRAUSE LUDWIG [DE] 
CLAUSSEN REIMER DR RER NAT [DE]";"OTT GMBH A [DE]";"DE3136149A1";"1981-09-11";"B23B29/04 
B23B31/12";"B23B31/1223 (EP) 
B23B31/1253 (EP)";"1983-03-31";"1983-03-31";"006141436";
"263";"Kein Titel verfügbar";"";"";"DE9014066U1";"1990-10-10";"B25B1/18 
B25B1/10 
B25B1/18 
B25B1/24";"B25B1/106 (EP) 
B25B1/18 (EP) 
B25B1/24 (EP)";"1990-12-13";"1990-12-13";"006858232";
"264";"Tragbare Vorrichtung zur Bearbeitung von Rohrenden";"SINGER STEFAN [DE]";"FISCHER G ROHRVERBINDUNGSTECH [DE] 
ILLINOIS TOOL WORKS [US]";"DE10120185A1 
DE10120185B4";"2001-04-24";"B23B5/16 
B23B5/16";"B23B5/163 (EP,US) 
Y10T82/22 (EP,US) 
Y10T82/2522 (EP,US)";"2002-11-21 
2007-05-24";"2002-10-25";"007682626";
"265";"SCHRAUBSTOCK FUER WERKZEUGMASCHINEN";"BRASCA CARLO";"BRASCA CARLO";"DE2650516A1";"1975-12-19";"B23Q3/02 
B25B1/18";"B25B1/18 (EP,US)";"1977-06-30";"1977-06-30";"011230049";
"266";"WERKBANK, INSEBESONDERE ALS LEHRMITTEL IN DER FORM EINER ERGONOMISCH GESTALTETEN MEHRZWECK-WERKBANK";"THORMEIER KLAUS [DE]";"THORMEIER KLAUS [DE]";"WO9423908A1";"1993-04-10";"B25H1/08 
B25H1/08 
B25H1/10";"B25H1/08 (EP,US) 
B25H1/10 (EP,US) 
Y10S269/90 (EP,US)";"1994-10-27";"1994-10-13";"006485323";
"267";"Spannvorrichtung mit mechanischem Kraftverstärker";"BERCHTOLD HEINRICH [CH]";"GRESSEL AG [CH]";"EP0802022A1 
EP0802022B1";"1996-04-18";"B25B1/10 
B25B1/10 
B25B17/00 
F16H25/18";"B25B1/00 (KR) 
B25B1/106 (EP,US) 
F16H25/18 (EP,US)";"1997-10-22 
1999-06-09";"1997-10-02";"007791646";
"268";"Schraubstock";"DURFEE JUN DAVID L [US]";"DURFEE JUN [US]";"DE4430673A1";"1993-08-31";"B23Q3/02 
B25B1/00 
B25B1/10 
B25B1/18 
B23Q3/10 
B25B1/10 
B25B1/24";"B23Q3/102 (EP,US) 
B25B1/103 (EP,US) 
B25B1/2405 (EP,US) 
B25B1/2473 (EP,US) 
B25B1/2478 (EP,US) 
B25B1/2489 (EP,US) 
Y10S269/906 (EP)";"1995-03-02";"1995-03-02";"026810655";
"269";"Anschlussstück für Hochdruckschlauch";"IRVING DAVID PRESS [US]";"RESISTOFLEX CORP [US]";"CH425376A";"1961-08-23";"F06L 
F16L33/207";"F16L33/2073 (EP)";"1966-11-30";"1965-09-29";"022458512";
"270";"SCHRAUBSTOCK";"HICKMAN RONALD PRICE [GB]";"TEKRON LICENSING BV [NL]";"DE3042677A1";"1979-11-15";"B25B1/10 
B25B1/12 
B25B1/24";"B25B1/125 (EP) 
B25B1/2436 (EP)";"1981-05-27";"1981-05-22";"010509231";
"271";"Spann- und Anschlagvorrichtung zum schnellen Spannen und Anschlagen von Werkstücken";"FOERSTER RAINER [DE]";"FOERSTER RAINER [DE]";"DE10008493C1";"2000-02-24";"B23K9/32 
B23Q3/02 
B25B1/00 
B25B1/18 
B25B1/10 
B25B1/24 
B25B5/06 
B25B5/10";"B25B1/103 (EP) 
B25B1/2463 (EP) 
B25B1/2473 (EP) 
B25B5/065 (EP) 
B25B5/101 (EP)";"2001-05-23";"2001-05-23";"007632138";
"272";"Spannelement, enthaltend eine Schnellzustellvorrichtung kombiniert mit einem Kraftverstärker.";"SCHAEUBLIN THOMAS [CH] 
BERCHTOLD HEINRICH [CH]";"GRESSEL AG [CH]";"EP0509267A2 
EP0509267A3 
EP0509267B1";"1991-04-17";"B25B1/10 
B23Q3/02 
B25B1/24 
B23Q3/06 
B25B1/06 
B25B1/10 
F16H25/18";"B25B1/106 (EP,US) 
F16B2/06 (KR) 
F16H25/183 (EP,US)";"1992-10-21 
1993-03-24 
1996-12-27";"1992-08-13";"031994902";
"273";"WERKSTÜCKHALTEVORRICHTUNG";"FREI ALBERT [DE]";"FREI ALBERT [DE]";"WO2004054757A2 
WO2004054757A3";"2002-12-16";"B23Q1/58 
B23Q3/06 
B25B1/10 
B25B1/24 
B23Q1/58 
B25B1/10 
B25B1/18 
B25B1/24";"B23Q1/58 (EP) 
B25B1/103 (EP) 
B25B1/106 (EP) 
B25B1/18 (EP) 
B25B1/2405 (EP)";"2004-07-01 
2004-12-16";"2004-07-01";"032519012";
"274";"Fluessiger Kitt";"BRYANT GUSTAVE";"BROADVIEW CHEM CORP";"DE1769934A1 
DE1769934B2 
DE1769934C3";"1967-08-08";"C09K3/10 
C09J3/00 
C09J4/00 
C09J4/06";"C09J4/00 (EP,US) 
C09J4/06 (EP,US) 
Y10T428/31681 (EP,US) 
Y10T428/31699 (EP,US) 
C09J4/00, C08F220/00, INV (EP,US)       
C09J4/06, C08F263/00, INV (EP,US)      ";"1971-10-28 
1978-11-23 
1979-07-26";"1969-09-05";"024643713";
"275";"VERFAHREN ZUR HERSTELLUNG BZW. ALLSEITENBEARBEITUNG VON WERKSTUECKEN UND BEARBEITUNGSZENTRUM ZUR DURCHFUEHRUNG DES VERFAHRENS";"";"CERNY ANTON [AT]";"AT390023B 
ATA252187A";"1987-10-05";"B23B31/16 
B23C1/14 
B23Q3/00 
B23B3/16 
B23B31/16 
B23F17/00 
B23K26/00 
B23K26/08 
B23P13/02 
B23P23/02 
B23Q39/04";"B23B3/168 (EP,US) 
B23B31/16 (EP,US) 
B23B31/16275 (EP,US) 
B23F17/00 (EP,US) 
B23K26/0093 (EP,US) 
B23K26/0823 (EP,US) 
B23P13/02 (EP,US) 
B23P23/02 (EP,US) 
B23Q39/048 (EP,US) 
Y10T279/26 (EP,US) 
Y10T29/49996 (EP,US) 
Y10T409/303752 (EP,US) 
Y10T82/10 (EP,US)";"1989-08-15 
1990-03-12";"1989-08-15";"003535770";
"276";"Kein Titel verfügbar";"";"";"DE2065116A1";"1969-05-02";"B23B31/26 
B23Q3/157";"B23B31/265 (EP,US) 
B23B2270/20 (EP,US) 
Y10T409/30448 (EP,US) 
Y10T409/309464 (EP,US) 
Y10T483/1779 (EP,US) 
Y10T483/1882 (EP,US)";"1972-11-02";"1970-11-26";"025233175";
"277";"VERFAHREN ZUR REGELUNG VON ENZYMATISCHEN REAKTIONEN";"LAUGHARN A [US] 
DREIER H [US] 
RUDD A [US] 
GREEN J [US]";"B B I BIOSEQ INC [US]";"DE69615165T2";"1995-03-07";"B01J3/00 
C07H21/00 
C07K1/04 
C12M1/40 
C12Q1/68 
B01J19/00 
B01J19/18 
B01J3/00 
C12M1/00 
C12N15/00 
C12N9/00";"B01J19/185 (EP,US) 
B01J3/00 (EP,US) 
C12N9/00 (EP,US) 
B01J2219/00162 (EP,US) 
B01J2219/002 (EP,US) 
B01J2219/00211 (EP,US) 
B01J2219/00229 (EP,US) 
Y10T436/143333 (EP,US)";"2002-05-16";"1996-09-12";"027016690";